# Blender 5.2.1 LTS
# www.blender.org
mtllib Pearl rifle wrapsplit good size.mtl
o RenderMesh_72187924429918
v 1.933775 0.164894 -0.161501
v 1.915221 -0.023421 0.144610
v 1.915221 -0.023421 -0.144610
v 1.933775 0.164894 0.161501
v 1.920137 -0.211120 0.144610
v 1.920137 -0.211120 -0.144610
v 1.948520 -0.398205 0.161501
v 1.948520 -0.398205 -0.161501
v -1.144451 0.002811 -0.000000
v -1.144440 0.002381 0.040516
v -1.144879 0.019158 -0.000000
v -1.144440 0.002381 -0.040516
v -1.144137 -0.009178 0.028953
v -1.144137 -0.009178 -0.028953
v -1.143379 -0.038121 0.040946
v -1.143379 -0.038121 -0.040946
v -1.143379 -0.038121 0.057298
v -1.143379 -0.038121 -0.057298
v -1.142319 -0.078623 0.040516
v -1.142319 -0.078623 -0.040516
v -1.142622 -0.067064 0.028953
v -1.142622 -0.067064 -0.028953
v -1.142308 -0.079052 -0.000000
v -1.141880 -0.095400 -0.000000
v -0.958994 -0.004330 0.028953
v -1.143379 -0.038121 0.040946
v -1.144137 -0.009178 0.028953
v -0.958237 -0.033273 0.040946
v -1.142622 -0.067064 0.028953
v -0.959308 0.007659 -0.000000
v -1.144451 0.002811 -0.000000
v -0.957479 -0.062216 0.028953
v -0.958994 -0.004330 -0.028953
v -1.144137 -0.009178 -0.028953
v -1.142308 -0.079052 -0.000000
v -0.958237 -0.033273 -0.040946
v -1.143379 -0.038121 -0.040946
v -0.957479 -0.062216 -0.028953
v -1.142622 -0.067064 -0.028953
v -0.957165 -0.074204 -0.000000
v 1.223774 0.220326 -0.107673
v 1.229112 0.016452 0.138594
v 1.229112 0.016452 -0.138594
v 1.224277 0.201083 -0.138594
v 1.223774 0.220326 0.107673
v 1.224277 0.201083 0.138594
v 1.229658 -0.004390 -0.127847
v 1.229658 -0.004390 0.127847
v 1.233515 -0.151690 0.091463
v 1.233021 -0.132812 0.127847
v 1.233515 -0.151690 -0.091463
v 1.233021 -0.132812 -0.127847
v -0.941773 0.011308 -0.000000
v -0.491726 0.010162 0.031208
v -0.492064 0.023085 -0.000000
v -0.941435 -0.001614 0.031208
v -0.941435 -0.001614 -0.031208
v -0.490909 -0.021035 0.044135
v -0.491726 0.010162 -0.031208
v -0.940618 -0.032811 0.044135
v -0.940618 -0.032811 -0.044135
v -0.490092 -0.052233 0.031208
v -0.490909 -0.021035 -0.044135
v -0.939801 -0.064009 0.031208
v -0.939801 -0.064009 -0.031208
v -0.489753 -0.065155 -0.000000
v -0.490092 -0.052233 -0.031208
v -0.939462 -0.076931 -0.000000
v -0.509120 -0.021512 0.056162
v -0.510160 0.018187 0.039713
v -0.508080 -0.061211 0.039713
v -0.508080 -0.061211 -0.039713
v -0.507650 -0.077655 -0.000000
v -0.510160 0.018187 -0.039713
v -0.510590 0.034631 -0.000000
v -0.509120 -0.021512 -0.056162
v -0.493432 -0.002505 0.021697
v -0.494768 0.048511 0.026784
v -0.493432 -0.002505 -0.021697
v -0.493996 0.019014 0.037758
v -0.494768 0.048511 -0.026784
v -0.493996 0.019014 -0.037758
v -0.496104 0.099527 0.021697
v -0.495541 0.078009 0.037758
v -0.496270 0.105861 -0.000000
v -0.496104 0.099527 -0.021697
v -0.495541 0.078009 -0.037758
v 1.837099 -0.401123 0.161501
v 1.837099 -0.401123 -0.161501
v 1.948520 -0.398205 -0.161501
v 1.948520 -0.398205 0.161501
v 1.933775 0.164894 -0.161501
v 1.915221 -0.023421 -0.144610
v 1.822353 0.161977 -0.161501
v 1.827268 -0.025724 -0.144610
v 1.920137 -0.211120 -0.144610
v 1.832184 -0.213423 -0.144610
v 1.837099 -0.401123 -0.161501
v 1.948520 -0.398205 -0.161501
v 1.915221 -0.023421 0.144610
v 1.822353 0.161977 0.161501
v 1.827268 -0.025724 0.144610
v 1.933775 0.164894 0.161501
v 1.832184 -0.213423 0.144610
v 1.920137 -0.211120 0.144610
v 1.837099 -0.401123 0.161501
v 1.948520 -0.398205 0.161501
v 0.795004 -0.147265 -0.113971
v 0.795004 -0.147265 0.113971
v 0.665222 -0.150663 -0.113971
v 0.814595 -0.100773 0.113971
v 0.814595 -0.100773 -0.113971
v 0.665222 -0.150663 0.113971
v 0.643226 -0.105261 -0.113971
v 0.643226 -0.105261 0.113971
v 1.223774 0.220326 0.107673
v 1.223774 0.220326 -0.107673
v 1.142763 0.218205 -0.107673
v 1.142763 0.218205 0.107673
v 1.143267 0.198962 -0.138594
v 1.224277 0.201083 0.138594
v 1.224277 0.201083 -0.138594
v 1.229112 0.016452 -0.138594
v 1.148102 0.014331 -0.138594
v 1.143267 0.198962 0.138594
v 1.148102 0.014331 0.138594
v 1.229112 0.016452 0.138594
v 1.933775 0.164894 0.161501
v 1.933775 0.164894 -0.161501
v 1.822353 0.161977 -0.161501
v 1.822353 0.161977 0.161501
v 1.148647 -0.006512 -0.127847
v 1.229658 -0.004390 -0.127847
v 1.152010 -0.134933 -0.127847
v 1.233021 -0.132812 -0.127847
v 1.152505 -0.153812 -0.091463
v 1.233515 -0.151690 -0.091463
v 1.152505 -0.153812 0.091463
v 1.233515 -0.151690 0.091463
v 1.152010 -0.134933 0.127847
v 1.233021 -0.132812 0.127847
v 1.148647 -0.006512 0.127847
v 1.229658 -0.004390 0.127847
v -0.250327 0.105963 -0.021697
v -0.496104 0.099527 -0.021697
v -0.496270 0.105861 -0.000000
v -0.249763 0.084444 -0.037758
v -0.495541 0.078009 -0.037758
v -0.250493 0.112297 -0.000000
v -0.496104 0.099527 0.021697
v -0.250327 0.105963 0.021697
v -0.495541 0.078009 0.037758
v -0.249763 0.084444 0.037758
v 1.229658 -0.004390 0.127847
v 1.148102 0.014331 0.138594
v 1.148647 -0.006512 0.127847
v 1.229112 0.016452 0.138594
v 1.229658 -0.004390 -0.127847
v 1.148647 -0.006512 -0.127847
v 1.229112 0.016452 -0.138594
v 1.148102 0.014331 -0.138594
v -0.204548 0.048961 -0.121057
v -0.202450 -0.031175 -0.121057
v -0.229335 0.008216 -0.121057
v 0.228321 -0.019895 -0.121057
v 0.226222 0.060241 -0.121057
v 0.253107 0.020849 -0.121057
v -0.202450 -0.031175 0.121057
v 0.226222 0.060241 0.121057
v -0.204548 0.048961 0.121057
v -0.229335 0.008216 0.121057
v 0.228321 -0.019895 0.121057
v 0.253107 0.020849 0.121057
v 1.648014 -0.097401 0.000000
v 1.454943 -0.102456 0.000000
v 1.647741 -0.086976 -0.084053
v 1.454670 -0.092032 -0.084053
v 1.454670 -0.092032 0.084053
v 1.647741 -0.086976 0.084053
v 0.662816 -0.058771 -0.113971
v 0.665222 -0.150663 -0.113971
v 0.643226 -0.105261 -0.113971
v 0.795004 -0.147265 -0.113971
v 0.792598 -0.055372 -0.113971
v 0.814595 -0.100773 -0.113971
v 0.665222 -0.150663 0.113971
v 0.792598 -0.055372 0.113971
v 0.662816 -0.058770 0.113971
v 0.643226 -0.105261 0.113971
v 0.795004 -0.147265 0.113971
v 0.814595 -0.100773 0.113971
v 0.874965 0.083853 0.100481
v 0.293222 0.068620 0.100481
v 0.877232 -0.002732 0.100481
v 0.295489 -0.017966 0.100481
v 0.874965 0.083853 -0.100481
v 0.295489 -0.017966 -0.100481
v 0.293222 0.068620 -0.100481
v 0.877232 -0.002732 -0.100481
v 1.647741 -0.086976 -0.084053
v 1.454670 -0.092032 -0.084053
v 1.645697 -0.008936 -0.097421
v 1.452627 -0.013992 -0.097421
v 1.643654 0.069104 -0.084053
v 1.450583 0.064049 -0.084053
v 1.645697 -0.008936 0.097421
v 1.452627 -0.013992 0.097421
v 1.647741 -0.086976 0.084053
v 1.454670 -0.092032 0.084053
v 1.643654 0.069104 0.084053
v 1.450583 0.064049 0.084053
v 1.040848 0.175121 0.072413
v -0.192273 0.142831 0.072413
v 1.042421 0.115060 0.072413
v -0.190700 0.082769 0.072413
v 1.040848 0.175121 -0.072413
v -0.190700 0.082769 -0.072413
v -0.192273 0.142831 -0.072413
v 1.042421 0.115060 -0.072413
v 0.226222 0.060241 0.121057
v 0.253107 0.020849 -0.121057
v 0.226222 0.060241 -0.121057
v 0.253107 0.020849 0.121057
v -0.204548 0.048961 0.121057
v -0.204548 0.048961 -0.121057
v -0.229335 0.008216 0.121057
v -0.229335 0.008216 -0.121057
v 1.450310 0.074473 -0.000000
v 1.643654 0.069104 0.084053
v 1.643381 0.079528 -0.000000
v 1.450583 0.064049 0.084053
v 1.450583 0.064049 -0.084053
v 1.643654 0.069104 -0.084053
v -0.249763 0.084444 -0.037758
v -0.494768 0.048511 -0.026784
v -0.495541 0.078009 -0.037758
v -0.248991 0.054947 -0.026784
v -0.493996 0.019014 -0.037758
v -0.248218 0.025449 -0.037758
v -0.249763 0.084444 0.037758
v -0.495541 0.078009 0.037758
v -0.248991 0.054947 0.026784
v -0.494768 0.048511 0.026784
v -0.248218 0.025449 0.037758
v -0.493996 0.019014 0.037758
v -0.202450 -0.031175 -0.121057
v 0.228321 -0.019895 -0.121057
v 0.228321 -0.019895 0.121057
v 0.253107 0.020849 0.121057
v 0.253107 0.020849 -0.121057
v -0.202450 -0.031175 0.121057
v -0.229335 0.008216 -0.121057
v -0.229335 0.008216 0.121057
v -0.493432 -0.002505 0.021697
v -0.247655 0.003931 0.021697
v -0.248218 0.025449 0.037758
v -0.493996 0.019014 0.037758
v -0.493996 0.019014 -0.037758
v -0.248218 0.025449 -0.037758
v -0.247655 0.003931 -0.021697
v -0.493432 -0.002505 -0.021697
v -0.510160 0.018187 -0.039713
v -0.244074 0.041610 -0.000000
v -0.243643 0.025166 -0.039713
v -0.510590 0.034631 -0.000000
v -0.509120 -0.021512 -0.056162
v -0.243643 0.025166 0.039713
v -0.242603 -0.014533 -0.056162
v -0.510160 0.018187 0.039713
v -0.508080 -0.061211 -0.039713
v -0.242603 -0.014533 0.056162
v -0.241564 -0.054232 -0.039713
v -0.509120 -0.021512 0.056162
v -0.507650 -0.077655 -0.000000
v -0.241564 -0.054232 0.039713
v -0.241133 -0.070676 -0.000000
v -0.508080 -0.061211 0.039713
v 0.874965 0.083853 -0.100481
v 0.874965 0.083853 0.100481
v 0.877232 -0.002732 -0.100481
v 0.877232 -0.002732 0.100481
v 0.293222 0.068620 0.100481
v 0.295489 -0.017966 -0.100481
v 0.293222 0.068620 -0.100481
v 0.295489 -0.017966 0.100481
v 1.040848 0.175121 -0.072413
v 1.040848 0.175121 0.072413
v 1.042421 0.115060 -0.072413
v 1.042421 0.115060 0.072413
v -0.192273 0.142831 0.072413
v -0.190700 0.082769 -0.072413
v -0.192273 0.142831 -0.072413
v -0.190700 0.082769 0.072413
v -1.142319 -0.078623 0.040516
v -0.931813 -0.073111 0.040516
v -0.932874 -0.032609 0.057298
v -1.141880 -0.095400 -0.000000
v -1.143379 -0.038121 0.057298
v -0.931374 -0.089887 -0.000000
v -0.933935 0.007893 0.040516
v -1.142319 -0.078623 -0.040516
v -1.144440 0.002381 0.040516
v -0.931813 -0.073111 -0.040516
v -0.934374 0.024670 -0.000000
v -1.143379 -0.038121 -0.057298
v -1.144879 0.019158 -0.000000
v -0.932874 -0.032609 -0.057298
v -0.933935 0.007893 -0.040516
v -1.144440 0.002381 -0.040516
v 0.792598 -0.055372 -0.113971
v 0.792598 -0.055372 0.113971
v 0.814595 -0.100773 -0.113971
v 0.814595 -0.100773 0.113971
v 0.662816 -0.058770 0.113971
v 0.662816 -0.058771 -0.113971
v 0.643226 -0.105261 0.113971
v 0.643226 -0.105261 -0.113971
v -0.248991 0.054947 -0.026784
v -0.247655 0.003931 -0.021697
v -0.248218 0.025449 -0.037758
v -0.247655 0.003931 0.021697
v -0.250327 0.105963 -0.021697
v -0.249763 0.084444 -0.037758
v -0.250493 0.112297 -0.000000
v -0.248991 0.054947 0.026784
v -0.248218 0.025449 0.037758
v -0.250327 0.105963 0.021697
v -0.249763 0.084444 0.037758
v 1.148102 0.014331 -0.138594
v 1.142763 0.218205 -0.107673
v 1.143267 0.198962 -0.138594
v 1.142763 0.218205 0.107673
v 1.148102 0.014331 0.138594
v 1.143267 0.198962 0.138594
v 1.148647 -0.006512 0.127847
v 1.148647 -0.006512 -0.127847
v 1.152505 -0.153812 -0.091463
v 1.152010 -0.134933 -0.127847
v 1.152505 -0.153812 0.091463
v 1.152010 -0.134933 0.127847
v -0.931813 -0.073111 -0.040516
v -0.931813 -0.073111 0.040516
v -0.931374 -0.089887 -0.000000
v -0.933935 0.007893 -0.040516
v -0.932874 -0.032609 -0.057298
v -0.933935 0.007893 0.040516
v -0.932874 -0.032609 0.057298
v -0.934374 0.024670 -0.000000
v 1.822353 0.161977 -0.161501
v 1.827268 -0.025724 -0.144610
v 1.822353 0.161977 0.161501
v 1.827268 -0.025724 0.144610
v 1.832184 -0.213423 -0.144610
v 1.832184 -0.213423 0.144610
v 1.837099 -0.401123 -0.161501
v 1.837099 -0.401123 0.161501
v 1.708188 -0.239662 -0.051286
v 1.695734 -0.313230 -0.000048
v 1.692511 -0.308529 -0.061673
v 1.716375 -0.234525 -0.000048
v 1.695734 -0.313230 -0.000048
v 1.708188 -0.239662 0.043286
v 1.692511 -0.308529 0.053674
v 1.716375 -0.234525 -0.000048
v 1.694983 -0.298833 0.114182
v 1.692511 -0.308529 0.053674
v 1.697841 -0.246089 0.072862
v 1.708188 -0.239662 0.043286
v 1.697841 -0.246089 0.072862
v 1.733190 -0.269088 0.119065
v 1.709993 -0.238433 0.070414
v 1.692511 -0.308529 -0.061673
v 1.694983 -0.298833 -0.122180
v 1.697841 -0.246089 -0.080862
v 1.708188 -0.239662 -0.051286
v 1.733190 -0.269088 -0.127064
v 1.697841 -0.246089 -0.080862
v 1.709993 -0.238433 -0.078413
v 1.733190 -0.269088 -0.127064
v 1.755576 -0.209519 -0.124480
v 1.788280 -0.300238 -0.058473
v 1.826102 -0.378975 0.000553
v 1.819844 -0.376660 -0.070440
v 1.792633 -0.289795 0.000553
v 1.826102 -0.378975 0.000553
v 1.788280 -0.300238 0.050474
v 1.819844 -0.376660 0.062442
v 1.792633 -0.289795 0.000553
v -0.904666 -0.052334 -0.043398
v -0.880756 -0.036847 -0.018202
v -0.880804 -0.034551 -0.022133
v -0.911235 -0.068874 -0.025075
v -0.880871 -0.031367 -0.024350
v -0.902488 -0.030036 -0.050363
v -0.904665 -0.052334 0.043398
v -0.880756 -0.036847 0.018203
v -0.911235 -0.068874 0.025077
v -0.880804 -0.034551 0.022133
v -0.880871 -0.031367 0.024350
v -0.902488 -0.030036 0.050364
v 1.711746 -0.237322 -0.160531
v 1.755576 -0.209519 -0.124480
v 1.733190 -0.269088 -0.127064
v -0.880686 -0.040151 -0.000000
v -0.911187 -0.074372 -0.000000
v -0.911235 -0.068874 0.025077
v -0.880756 -0.036847 0.018203
v -0.880756 -0.036847 -0.018202
v -0.911235 -0.068874 -0.025075
v -0.880686 -0.040151 -0.000000
v -0.911187 -0.074372 -0.000000
v 1.625689 -0.068186 -0.083758
v 1.580548 -0.125102 -0.101260
v 1.609941 -0.068474 -0.085192
v 1.583857 -0.116129 -0.128791
v 1.815654 -0.365722 0.126748
v 1.819844 -0.376660 0.062442
v 1.782734 -0.313377 0.079148
v 1.788280 -0.300238 0.050474
v 1.609941 -0.068474 0.077018
v 1.583857 -0.116129 0.120618
v 1.580548 -0.125102 0.093088
v 1.625689 -0.068186 0.075585
v 1.819844 -0.376660 -0.070440
v 1.815654 -0.365722 -0.126078
v 1.782734 -0.313377 -0.078479
v 1.788280 -0.300238 -0.058473
v 1.733190 -0.269088 0.119065
v 1.709993 -0.238433 0.070414
v 1.755576 -0.209519 0.121512
v 1.711746 -0.237322 0.152531
v 1.733190 -0.269088 0.119065
v 1.755576 -0.209519 0.121512
v 1.832067 -0.311466 -0.134765
v 1.813201 -0.239399 -0.120926
v 1.789176 -0.297845 -0.078717
v -0.879379 -0.102238 -0.000000
v -0.911235 -0.068874 0.025077
v -0.911187 -0.074372 -0.000000
v -0.879494 -0.096776 0.027522
v -0.911235 -0.068874 -0.025075
v -0.879379 -0.102238 -0.000000
v -0.911187 -0.074372 -0.000000
v -0.879494 -0.096776 -0.027521
v 1.832067 -0.311466 -0.134765
v 1.782734 -0.313377 -0.078479
v 1.815654 -0.365722 -0.126078
v 1.789176 -0.297845 -0.078717
v 1.790099 -0.295599 0.170927
v 1.832067 -0.311466 0.132373
v 1.813201 -0.239399 0.124998
v -0.837003 -0.058698 -0.039174
v -0.815293 -0.044347 -0.017090
v -0.815314 -0.042805 -0.020026
v -0.842292 -0.071791 -0.023440
v -0.815341 -0.040812 -0.021570
v -0.835103 -0.040686 -0.044970
v -0.837003 -0.058698 0.039174
v -0.815293 -0.044347 0.017090
v -0.842292 -0.071791 0.023440
v -0.815314 -0.042805 0.020026
v -0.815341 -0.040812 0.021570
v -0.835103 -0.040686 0.044970
v 1.832067 -0.311466 0.132373
v 1.789176 -0.297845 0.076326
v 1.813201 -0.239399 0.124998
v -0.814501 -0.102010 -0.000000
v -0.842292 -0.071791 0.023440
v -0.842283 -0.076320 -0.000000
v -0.814566 -0.097243 0.027102
v -0.842292 -0.071791 -0.023440
v -0.814501 -0.102010 -0.000000
v -0.842283 -0.076320 -0.000000
v -0.814566 -0.097243 -0.027101
v 1.790099 -0.295599 -0.173320
v 1.813201 -0.239399 -0.120926
v 1.832067 -0.311466 -0.134765
v 1.832067 -0.311466 0.132373
v 1.782734 -0.313377 0.079148
v 1.789176 -0.297845 0.076326
v 1.815654 -0.365722 0.126748
v -0.815256 -0.046960 -0.000000
v -0.842283 -0.076320 -0.000000
v -0.842292 -0.071791 0.023440
v -0.815293 -0.044347 0.017090
v -0.815293 -0.044347 -0.017090
v -0.842292 -0.071791 -0.023440
v -0.815256 -0.046960 -0.000000
v -0.842283 -0.076320 -0.000000
v -0.902488 -0.030036 -0.050363
v -0.880871 -0.031367 -0.024350
v -0.881512 -0.000963 -0.046021
v -0.902488 -0.030036 0.050364
v -0.881512 -0.000963 0.046022
v -0.880871 -0.031367 0.024350
v 1.783416 0.166917 -0.000000
v 1.738340 0.164069 0.047604
v 1.783246 0.158080 -0.000000
v 1.747965 0.185511 0.040032
v 1.783416 0.166917 -0.000000
v 1.738340 0.164069 -0.047604
v 1.747965 0.185511 -0.040031
v 1.783246 0.158080 -0.000000
v -0.837003 -0.058698 0.039174
v -0.815353 -0.039924 0.064544
v -0.835103 -0.040686 0.044970
v -0.814901 -0.072877 0.054854
v -0.842292 -0.071791 0.023440
v -0.814566 -0.097243 0.027102
v -0.815353 -0.039924 -0.064543
v -0.837003 -0.058698 -0.039174
v -0.835103 -0.040686 -0.044970
v -0.814901 -0.072877 -0.054853
v -0.842292 -0.071791 -0.023440
v -0.814566 -0.097243 -0.027101
v 1.815654 -0.365722 0.126748
v 1.790099 -0.295599 0.170927
v 1.756125 -0.378109 0.158664
v 1.832067 -0.311466 0.132373
v 1.745659 -0.403922 0.066697
v 1.815654 -0.365722 0.126748
v 1.819844 -0.376660 0.062442
v 1.815654 -0.365722 -0.126078
v 1.790099 -0.295599 -0.173320
v 1.832067 -0.311466 -0.134765
v 1.756125 -0.378110 -0.157996
v 1.815654 -0.365722 -0.126078
v 1.745659 -0.403922 -0.074696
v 1.819844 -0.376660 -0.070440
v -0.744857 -0.029221 -0.000000
v -0.779167 -0.067439 -0.000000
v -0.779253 -0.061610 0.033624
v -0.744946 -0.025858 0.022179
v -0.744946 -0.025858 -0.022179
v -0.779253 -0.061610 -0.033624
v -0.744857 -0.029221 -0.000000
v -0.779167 -0.067439 -0.000000
v 1.625689 -0.068186 -0.083758
v 1.571128 -0.132071 0.000083
v 1.580548 -0.125102 -0.101260
v 1.625244 -0.068236 0.000083
v 1.571128 -0.132071 0.000083
v 1.625689 -0.068186 0.075585
v 1.580548 -0.125102 0.093088
v 1.625244 -0.068236 0.000083
v -0.904665 -0.052334 0.043398
v -0.880896 -0.030198 0.068258
v -0.902488 -0.030036 0.050364
v -0.880095 -0.068226 0.057655
v -0.911235 -0.068874 0.025077
v -0.879494 -0.096776 0.027522
v -0.880896 -0.030198 -0.068257
v -0.904666 -0.052334 -0.043398
v -0.902488 -0.030036 -0.050363
v -0.880095 -0.068226 -0.057654
v -0.911235 -0.068874 -0.025075
v -0.879494 -0.096776 -0.027521
v -0.743003 -0.100054 -0.000000
v -0.779253 -0.061610 0.033624
v -0.779167 -0.067439 -0.000000
v -0.743163 -0.093920 0.040223
v -0.779253 -0.061610 -0.033624
v -0.743003 -0.100054 -0.000000
v -0.779167 -0.067439 -0.000000
v -0.743163 -0.093920 -0.040222
v -0.744998 -0.023874 -0.021010
v -0.772656 -0.044676 -0.044652
v -0.744946 -0.025858 -0.022179
v -0.779253 -0.061610 -0.033624
v 1.754873 0.154316 -0.000000
v 1.734457 0.132894 0.032767
v 1.767212 0.133752 -0.000000
v 1.733909 0.153767 0.020970
v -0.772656 -0.044676 0.044652
v -0.744998 -0.023874 0.021010
v -0.744946 -0.025858 0.022179
v -0.779253 -0.061610 0.033624
v 1.754873 0.154316 -0.000000
v 1.734457 0.132894 -0.032767
v 1.733909 0.153767 -0.020970
v 1.767212 0.133752 -0.000000
v -0.835103 -0.040686 -0.044970
v -0.815341 -0.040812 -0.021570
v -0.815701 -0.014542 -0.043398
v -0.835103 -0.040686 0.044970
v -0.815701 -0.014542 0.043398
v -0.815341 -0.040812 0.021570
v 1.267340 -0.389910 -0.000001
v 1.219195 -0.454694 0.095096
v 1.218583 -0.458339 -0.000001
v 1.259792 -0.391224 0.099812
v 1.259792 -0.391223 -0.099813
v 1.267340 -0.389910 -0.000001
v 1.219195 -0.454694 -0.095098
v 1.218583 -0.458339 -0.000001
v -0.815353 -0.039924 0.064544
v -0.815701 -0.014542 0.043398
v -0.835103 -0.040686 0.044970
v -0.815353 -0.039924 -0.064543
v -0.835103 -0.040686 -0.044970
v -0.815701 -0.014542 -0.043398
v 1.609941 -0.068474 -0.085192
v 1.568918 -0.023558 -0.100441
v 1.625689 -0.068186 -0.083758
v 1.573333 -0.028209 -0.127422
v -0.666401 -0.102842 -0.000000
v -0.695497 -0.071394 0.023086
v -0.695422 -0.076293 -0.000000
v -0.666535 -0.097739 0.025646
v -0.695497 -0.071394 -0.023086
v -0.666401 -0.102842 -0.000000
v -0.695422 -0.076293 -0.000000
v -0.666535 -0.097739 -0.025645
v 1.568918 -0.023558 0.092267
v 1.609941 -0.068474 0.077018
v 1.625689 -0.068186 0.075585
v 1.573333 -0.028209 0.119250
v 1.790744 0.200982 -0.000000
v 1.747965 0.185511 0.040032
v 1.783416 0.166917 -0.000000
v 1.763263 0.211408 0.029393
v 1.788836 0.228040 0.016130
v 1.801638 0.218227 -0.000000
v -0.667887 -0.046087 -0.000000
v -0.695422 -0.076293 -0.000000
v -0.695497 -0.071394 0.023086
v -0.667977 -0.042665 0.018518
v -0.667977 -0.042665 -0.018518
v -0.695497 -0.071394 -0.023086
v -0.667887 -0.046087 -0.000000
v -0.695422 -0.076293 -0.000000
v -0.770499 -0.021464 -0.044584
v -0.744998 -0.023874 -0.021010
v -0.745065 -0.021310 -0.020346
v -0.772656 -0.044676 -0.044652
v -0.770499 -0.021464 0.044584
v -0.744998 -0.023874 0.021010
v -0.772656 -0.044676 0.044652
v -0.745065 -0.021310 0.020346
v -0.318600 -0.095404 -0.065366
v -0.321534 -0.099209 -0.000048
v -0.329084 -0.028505 -0.061186
v -0.333201 -0.024709 -0.000048
v -0.321534 -0.099209 -0.000048
v -0.329084 -0.028505 0.053186
v -0.333201 -0.024709 -0.000048
v -0.318600 -0.095404 0.057367
v -0.689480 -0.056133 -0.041198
v -0.667977 -0.042665 -0.018518
v -0.668048 -0.039943 -0.023720
v -0.695497 -0.071394 -0.023086
v -0.689480 -0.056133 0.041198
v -0.667977 -0.042665 0.018518
v -0.695497 -0.071394 0.023086
v -0.668048 -0.039943 0.023721
v -0.668048 -0.039943 -0.023720
v -0.687610 -0.035877 -0.046144
v -0.689480 -0.056133 -0.041198
v -0.668153 -0.035935 -0.025670
v -0.668048 -0.039943 0.023721
v -0.687610 -0.035877 0.046144
v -0.668153 -0.035935 0.025670
v -0.689480 -0.056133 0.041198
v -0.779253 -0.061610 0.033624
v -0.743984 -0.062569 0.064013
v -0.772656 -0.044676 0.044652
v -0.743163 -0.093920 0.040223
v -0.743984 -0.062569 -0.064012
v -0.779253 -0.061610 -0.033624
v -0.772656 -0.044676 -0.044652
v -0.743163 -0.093920 -0.040222
v -0.880896 -0.030198 0.068258
v -0.881512 -0.000963 0.046022
v -0.902488 -0.030036 0.050364
v -0.880896 -0.030198 -0.068257
v -0.902488 -0.030036 -0.050363
v -0.881512 -0.000963 -0.046021
v 1.819844 -0.376660 -0.070440
v 1.743572 -0.409146 0.000553
v 1.745659 -0.403922 -0.074696
v 1.826102 -0.378975 0.000553
v 1.743572 -0.409146 0.000553
v 1.819844 -0.376660 0.062442
v 1.745659 -0.403922 0.066697
v 1.826102 -0.378975 0.000553
v -0.689480 -0.056133 0.041198
v -0.668187 -0.034648 0.063940
v -0.687610 -0.035877 0.046144
v -0.667250 -0.070418 0.056141
v -0.618473 -0.045762 -0.040965
v -0.592989 -0.028305 -0.016906
v -0.593035 -0.026617 -0.019910
v -0.624428 -0.061111 -0.024003
v -0.593093 -0.024481 -0.021458
v -0.616526 -0.024668 -0.047186
v -0.668187 -0.034648 -0.063939
v -0.689480 -0.056133 -0.041198
v -0.687610 -0.035877 -0.046144
v -0.667250 -0.070418 -0.056140
v -0.618473 -0.045762 0.040965
v -0.592989 -0.028305 0.016906
v -0.624428 -0.061111 0.024003
v -0.593035 -0.026617 0.019910
v -0.593093 -0.024481 0.021458
v -0.616526 -0.024668 0.047186
v -0.592908 -0.031308 -0.000000
v -0.624349 -0.066424 -0.000000
v -0.624428 -0.061111 0.024003
v -0.592989 -0.028305 0.016906
v -0.592989 -0.028305 -0.016906
v -0.624428 -0.061111 -0.024003
v -0.592908 -0.031308 -0.000000
v -0.624349 -0.066424 -0.000000
v -0.667250 -0.070418 0.056141
v -0.695497 -0.071394 0.023086
v -0.666535 -0.097739 0.025646
v -0.689480 -0.056133 0.041198
v -0.772656 -0.044676 0.044652
v -0.745095 -0.020167 0.064859
v -0.770499 -0.021464 0.044584
v -0.743984 -0.062569 0.064013
v -0.667250 -0.070418 -0.056140
v -0.695497 -0.071394 -0.023086
v -0.689480 -0.056133 -0.041198
v -0.666535 -0.097739 -0.025645
v -0.745095 -0.020167 -0.064859
v -0.772656 -0.044676 -0.044652
v -0.770499 -0.021464 -0.044584
v -0.743984 -0.062569 -0.064012
v 1.421780 -0.125518 -0.057476
v 1.378968 -0.181928 -0.000335
v 1.378302 -0.177169 -0.060902
v 1.427402 -0.124585 -0.000335
v 1.427402 -0.124585 -0.000335
v 1.378302 -0.177169 0.052902
v 1.378968 -0.181928 -0.000335
v 1.421780 -0.125518 0.049477
v 1.790744 0.200982 -0.000000
v 1.747965 0.185511 -0.040031
v 1.763263 0.211408 -0.029393
v 1.783416 0.166917 -0.000000
v 1.788836 0.228040 -0.016131
v 1.801638 0.218227 -0.000000
v 1.788836 0.228040 -0.016131
v 1.828750 0.234635 -0.000000
v -0.687610 -0.035877 -0.046144
v -0.668153 -0.035935 -0.025670
v -0.668903 -0.007294 -0.039793
v -0.687610 -0.035877 0.046144
v -0.668903 -0.007294 0.039794
v -0.668153 -0.035935 0.025670
v 1.365373 -0.077993 -0.149141
v 1.414037 -0.119179 -0.113582
v 1.375129 -0.153590 -0.139270
v 1.403225 -0.071981 -0.118110
v 1.378302 -0.177169 -0.060902
v 1.421780 -0.125518 -0.057476
v -0.591158 -0.096275 -0.000000
v -0.624428 -0.061111 0.024003
v -0.624349 -0.066424 -0.000000
v -0.591309 -0.090672 0.028096
v -0.624428 -0.061111 -0.024003
v -0.591158 -0.096275 -0.000000
v -0.624349 -0.066424 -0.000000
v -0.591309 -0.090672 -0.028096
v 1.365373 -0.077992 0.141142
v 1.414037 -0.119179 0.105582
v 1.403225 -0.071981 0.110111
v 1.375129 -0.153590 0.131270
v 1.378302 -0.177169 0.052902
v 1.421780 -0.125518 0.049477
v -0.770499 -0.021464 -0.044584
v -0.745065 -0.021310 -0.020346
v -0.745950 0.012493 -0.042043
v 1.627272 -0.066506 -0.169258
v 1.680282 -0.060190 -0.128721
v 1.633051 -0.105498 -0.133944
v -0.770499 -0.021464 0.044584
v -0.745950 0.012493 0.042043
v -0.745065 -0.021310 0.020346
v -0.319846 -0.027145 -0.120884
v -0.318600 -0.095404 -0.065366
v -0.329084 -0.028505 -0.061186
v -0.303974 -0.076638 -0.149886
v -0.256794 -0.016770 -0.160531
v -0.286839 0.007263 -0.125570
v -0.318600 -0.095404 0.057367
v -0.319846 -0.027146 0.112885
v -0.329084 -0.028505 0.053186
v -0.303974 -0.076638 0.141886
v -0.256794 -0.016770 0.152531
v -0.286839 0.007263 0.117571
v 1.627272 -0.066505 0.165338
v 1.633051 -0.105498 0.130022
v 1.680282 -0.060190 0.126646
v -0.745095 -0.020167 0.064859
v -0.745950 0.012493 0.042043
v -0.770499 -0.021464 0.044584
v -0.745095 -0.020167 -0.064859
v -0.770499 -0.021464 -0.044584
v -0.745950 0.012493 -0.042043
v -0.618473 -0.045762 0.040965
v -0.593119 -0.023485 0.068626
v -0.616526 -0.024668 0.047186
v -0.592077 -0.062168 0.058143
v -0.593120 -0.023485 -0.068626
v -0.618473 -0.045762 -0.040965
v -0.616526 -0.024668 -0.047186
v -0.592077 -0.062168 -0.058142
v -0.592077 -0.062168 0.058143
v -0.624428 -0.061111 0.024003
v -0.591309 -0.090672 0.028096
v -0.618473 -0.045762 0.040965
v -0.592077 -0.062168 -0.058142
v -0.624428 -0.061111 -0.024003
v -0.618473 -0.045762 -0.040965
v -0.591309 -0.090672 -0.028096
v -0.616526 -0.024668 -0.047186
v -0.593093 -0.024481 -0.021458
v -0.593923 0.006344 -0.041973
v -0.616526 -0.024668 0.047186
v -0.593923 0.006344 0.041974
v -0.593093 -0.024481 0.021458
v -0.668187 -0.034648 0.063940
v -0.668903 -0.007294 0.039794
v -0.687610 -0.035877 0.046144
v -0.668187 -0.034648 -0.063939
v -0.687610 -0.035877 -0.046144
v -0.668903 -0.007294 -0.039793
v 1.206127 -0.217534 -0.000001
v 1.165548 -0.280252 0.094334
v 1.168149 -0.283235 -0.000001
v 1.196614 -0.219707 0.094908
v 1.196614 -0.219707 -0.094910
v 1.206127 -0.217534 -0.000001
v 1.165548 -0.280251 -0.094334
v 1.168149 -0.283235 -0.000001
v 1.444368 0.185734 -0.000000
v 1.420358 0.170615 0.028195
v 1.447873 0.164462 -0.000000
v 1.424723 0.190129 0.020130
v 1.444368 0.185734 -0.000000
v 1.420358 0.170615 -0.028194
v 1.424723 0.190129 -0.020130
v 1.447873 0.164462 -0.000000
v -0.593119 -0.023485 0.068626
v -0.593923 0.006344 0.041974
v -0.616526 -0.024668 0.047186
v -0.593120 -0.023485 -0.068626
v -0.616526 -0.024668 -0.047186
v -0.593923 0.006344 -0.041973
v 1.568918 -0.023558 -0.100441
v 1.558365 -0.018980 0.000083
v 1.625689 -0.068186 -0.083758
v 1.625244 -0.068236 0.000083
v 1.558365 -0.018980 0.000083
v 1.625689 -0.068186 0.075585
v 1.625244 -0.068236 0.000083
v 1.568918 -0.023558 0.092267
v 1.347582 0.222411 -0.000000
v 1.313536 0.209568 0.036624
v 1.349987 0.199298 -0.000000
v 1.317481 0.229162 0.030850
v 1.347582 0.222411 -0.000000
v 1.313536 0.209568 -0.036624
v 1.317481 0.229162 -0.030849
v 1.349987 0.199298 -0.000000
v 1.310569 0.195654 0.018405
v 1.337333 0.173190 -0.000000
v 1.328974 0.195692 -0.000000
v 1.309845 0.172469 0.027602
v 1.310569 0.195654 -0.018405
v 1.337333 0.173190 -0.000000
v 1.309845 0.172469 -0.027602
v 1.328974 0.195692 -0.000000
v 0.980274 -0.460131 -0.098225
v 1.018497 -0.374570 -0.055701
v 0.983793 -0.464558 0.011170
v 1.016114 -0.377481 0.011170
v 0.983793 -0.464558 0.011170
v 1.016114 -0.377481 0.011170
v 1.018497 -0.374570 0.049611
v 0.980274 -0.460131 0.081871
v 1.633051 -0.105498 0.130022
v 1.625154 -0.066758 0.078686
v 1.680282 -0.060190 0.126646
v -0.138590 0.158582 -0.002534
v -0.084671 0.223535 0.055059
v -0.084760 0.229722 -0.002534
v -0.133005 0.159253 0.051371
v -0.084671 0.223535 -0.053158
v -0.138590 0.158582 -0.002534
v -0.084760 0.229722 -0.002534
v -0.133005 0.159253 -0.049471
v 0.980274 -0.460131 0.081871
v 1.018984 -0.373567 0.063695
v 0.995107 -0.446398 0.106544
v 1.018497 -0.374570 0.049611
v 1.018984 -0.373567 -0.066399
v 0.980274 -0.460131 -0.098225
v 0.995107 -0.446398 -0.115068
v 1.018497 -0.374570 -0.055701
v -0.126479 0.154626 -0.097974
v -0.084671 0.223535 -0.053158
v -0.084106 0.192902 -0.123545
v -0.133005 0.159253 -0.049471
v -0.082688 0.125538 -0.132931
v -0.121261 0.124393 -0.102106
v -0.084671 0.223535 0.055059
v -0.126479 0.154626 0.093240
v -0.084106 0.192902 0.118812
v -0.133005 0.159253 0.051371
v -0.082688 0.125538 0.130540
v -0.121261 0.124393 0.099714
v -0.149120 -0.145889 0.066697
v -0.201602 -0.085614 0.125254
v -0.208863 -0.093785 0.061880
v -0.150126 -0.118054 0.158664
v -0.152865 -0.028864 0.170927
v -0.197894 -0.029920 0.130651
v -0.149120 -0.145889 -0.074696
v -0.201602 -0.085614 -0.124584
v -0.150126 -0.118054 -0.157996
v -0.208863 -0.093785 -0.069880
v -0.152865 -0.028864 -0.173320
v -0.197894 -0.029920 -0.133043
v 1.054958 0.189171 -0.002413
v 1.003037 0.251064 -0.002413
v 1.003118 0.245439 0.049945
v 1.049760 0.189306 0.046982
v 1.049760 0.189306 -0.045473
v 1.003118 0.245439 -0.048434
v 1.054958 0.189171 -0.002413
v 1.003037 0.251064 -0.002413
v 1.454744 0.217254 0.032591
v 1.472376 0.176871 -0.000000
v 1.483262 0.201483 -0.000000
v 1.434511 0.196270 0.041201
v 1.483262 0.201483 -0.000000
v 1.472376 0.176871 -0.000000
v 1.454744 0.217254 -0.032590
v 1.434511 0.196270 -0.041200
v 1.346430 0.273371 0.012430
v 1.350610 0.252891 -0.000000
v 1.357198 0.267161 -0.000000
v 1.328564 0.258093 0.022650
v 1.317481 0.229162 0.030850
v 1.347582 0.222411 -0.000000
v 1.055223 -0.407933 0.097808
v 1.088330 -0.341849 0.099615
v 1.036655 -0.368568 0.134411
v 1.055223 -0.407933 -0.097807
v 1.036655 -0.368568 -0.134411
v 1.088330 -0.341849 -0.099615
v 1.622900 -0.027176 -0.132367
v 1.680282 -0.060190 -0.128721
v 1.627272 -0.066506 -0.169258
v 1.475490 0.237468 0.023929
v 1.483262 0.201483 -0.000000
v 1.496948 0.226878 -0.000000
v 1.454744 0.217254 0.032591
v 1.496948 0.226878 -0.000000
v 1.483262 0.201483 -0.000000
v 1.475490 0.237468 -0.023929
v 1.454744 0.217254 -0.032590
v 1.421780 -0.125518 -0.057476
v 1.414037 -0.119179 -0.113582
v 1.367442 -0.094299 -0.075269
v 1.365990 -0.082204 -0.047845
v 1.403225 -0.071981 -0.118110
v 1.367442 -0.094299 -0.075269
v 1.365640 -0.080050 -0.072998
v 1.403225 -0.071981 -0.118110
v 1.358699 -0.026518 -0.109745
v 1.004921 0.156352 -0.120956
v 1.043598 0.184277 -0.090215
v 1.039875 0.155756 -0.094130
v 1.003632 0.217592 -0.112422
v 1.003118 0.245439 -0.048434
v 1.049760 0.189306 -0.045473
v 1.414037 -0.119179 0.105582
v 1.421780 -0.125518 0.049477
v 1.367442 -0.094299 0.067270
v 1.365990 -0.082204 0.039845
v 1.367442 -0.094299 0.067270
v 1.403225 -0.071981 0.110111
v 1.365640 -0.080050 0.064998
v 1.403225 -0.071981 0.110111
v 1.358699 -0.026519 0.106410
v 1.357198 0.267161 -0.000000
v 1.346430 0.273371 -0.012430
v 1.376261 0.282424 -0.000000
v 1.350610 0.252891 -0.000000
v 1.346430 0.273371 -0.012430
v 1.328564 0.258093 -0.022650
v 1.317481 0.229162 -0.030849
v 1.347582 0.222411 -0.000000
v 1.004921 0.156352 0.118564
v 1.043598 0.184277 0.085696
v 1.003632 0.217592 0.107902
v 1.039874 0.155756 0.091739
v 1.003118 0.245439 0.049945
v 1.049760 0.189306 0.046982
v 1.146883 -0.231063 0.135485
v 1.128011 -0.279846 0.108822
v 1.165548 -0.280252 0.094334
v 1.196614 -0.219707 0.094908
v 1.196614 -0.219707 -0.094910
v 1.165548 -0.280251 -0.094334
v 1.146883 -0.231063 -0.135485
v 1.128011 -0.279846 -0.108822
v 1.622900 -0.027176 0.128446
v 1.627272 -0.066505 0.165338
v 1.680282 -0.060190 0.126646
v -0.149120 -0.145889 -0.074696
v -0.148888 -0.151509 0.000553
v -0.208863 -0.093785 -0.069880
v -0.215411 -0.093479 0.000553
v -0.148888 -0.151509 0.000553
v -0.208863 -0.093785 0.061880
v -0.215411 -0.093479 0.000553
v -0.149120 -0.145889 0.066697
v -0.227639 0.251715 0.025914
v -0.238600 0.285847 -0.000000
v -0.257741 0.258465 -0.000000
v -0.216556 0.280645 0.019026
v -0.216556 0.280645 -0.019026
v -0.227639 0.251715 -0.025913
v -0.238600 0.285847 -0.000000
v -0.257741 0.258465 -0.000000
v 0.910441 -0.329243 0.000000
v 0.955195 -0.247052 0.000000
v 0.952749 -0.241911 0.073634
v 0.912032 -0.322626 0.092490
v 0.912032 -0.322626 -0.092490
v 0.952749 -0.241911 -0.073634
v 0.910441 -0.329243 0.000000
v 0.955195 -0.247052 0.000000
v 1.259792 -0.391224 0.099812
v 1.175231 -0.450374 0.130118
v 1.219195 -0.454694 0.095096
v 1.201153 -0.398587 0.168871
v 1.175231 -0.450374 0.130118
v 1.124744 -0.409691 0.176474
v 1.131079 -0.451379 0.124054
v 1.124744 -0.409691 0.176474
v 1.068753 -0.416120 0.099847
v 1.259792 -0.391223 -0.099813
v 1.175231 -0.450374 -0.130118
v 1.201153 -0.398587 -0.168871
v 1.219195 -0.454694 -0.095098
v 1.124744 -0.409691 -0.176474
v 1.175231 -0.450374 -0.130118
v 1.131079 -0.451379 -0.124054
v 1.068753 -0.416120 -0.099848
v 1.124744 -0.409691 -0.176474
v 1.180633 0.217102 0.023186
v 1.199761 0.240325 -0.000000
v 1.181357 0.240287 0.015460
v 1.208120 0.217824 -0.000000
v 1.199761 0.240325 -0.000000
v 1.180633 0.217102 -0.023186
v 1.181357 0.240287 -0.015460
v 1.208120 0.217824 -0.000000
v -0.252118 0.186182 -0.000000
v -0.261086 0.130325 -0.000000
v -0.233599 0.131045 0.023186
v -0.233713 0.186219 0.015460
v -0.233599 0.131045 -0.023186
v -0.252118 0.186182 -0.000000
v -0.233713 0.186219 -0.015460
v -0.261086 0.130325 -0.000000
v 1.031113 -0.369421 -0.042767
v 1.055223 -0.407933 -0.097807
v 1.088330 -0.341849 -0.099615
v 1.031113 -0.369421 0.042768
v 1.088330 -0.341849 0.099615
v 1.055223 -0.407933 0.097808
v 1.365990 -0.082204 -0.047845
v 1.427402 -0.124585 -0.000335
v 1.421780 -0.125518 -0.057476
v 1.364795 -0.072614 -0.000335
v 0.005832 0.159753 -0.002332
v 0.051586 0.214870 0.046539
v 0.051510 0.220120 -0.002332
v 0.010572 0.160323 0.043410
v 0.051586 0.214870 -0.045290
v 0.005832 0.159753 -0.002332
v 0.051510 0.220120 -0.002332
v 0.010572 0.160323 -0.042161
v 1.427402 -0.124585 -0.000335
v 1.365990 -0.082204 0.039845
v 1.421780 -0.125518 0.049477
v 1.364795 -0.072614 -0.000335
v -0.208863 -0.093785 0.061880
v -0.152315 -0.048099 0.079148
v -0.152628 -0.033842 0.050474
v -0.201602 -0.085614 0.125254
v -0.152315 -0.048099 0.079148
v -0.197894 -0.029920 0.130651
v -0.152790 -0.031292 0.076326
v -0.230747 0.200131 0.030764
v -0.257741 0.258465 -0.000000
v -0.272838 0.199305 -0.000000
v -0.227639 0.251715 0.025914
v 1.365373 -0.077992 0.141142
v 1.403225 -0.071981 0.110111
v 1.358699 -0.026519 0.106410
v -0.197894 -0.029920 0.130651
v -0.152865 -0.028864 0.170927
v -0.154767 0.031869 0.124998
v -0.227639 0.251715 -0.025913
v -0.230747 0.200131 -0.030763
v -0.257741 0.258465 -0.000000
v -0.272838 0.199305 -0.000000
v 0.989820 -0.283044 0.092964
v 1.032339 -0.221902 0.094441
v 0.976963 -0.241117 0.132247
v 0.989820 -0.283044 -0.092964
v 0.976963 -0.241117 -0.132247
v 1.032340 -0.221901 -0.094441
v -0.197894 -0.029920 -0.133043
v -0.154767 0.031869 -0.120926
v -0.152865 -0.028864 -0.173320
v 1.218369 0.267044 -0.000000
v 1.199352 0.302725 0.019026
v 1.188268 0.273795 0.025914
v 1.221396 0.297524 -0.000000
v 1.184323 0.254201 0.030764
v 1.218369 0.267044 -0.000000
v 1.220774 0.243931 -0.000000
v -0.208863 -0.093785 -0.069880
v -0.215411 -0.093479 0.000553
v -0.152628 -0.033842 -0.058473
v -0.152926 -0.022532 0.000553
v -0.152315 -0.048099 -0.078479
v -0.208863 -0.093785 -0.069880
v -0.152628 -0.033842 -0.058473
v -0.201602 -0.085614 -0.124584
v -0.152315 -0.048099 -0.078479
v -0.197894 -0.029920 -0.133043
v -0.152790 -0.031292 -0.078717
v -0.154767 0.031869 -0.120926
v -0.197894 -0.029920 -0.133043
v 1.218369 0.267044 -0.000000
v 1.184323 0.254201 -0.030763
v 1.188268 0.273795 -0.025913
v 1.220774 0.243931 -0.000000
v 1.218369 0.267044 -0.000000
v 1.199352 0.302725 -0.019026
v 1.221396 0.297524 -0.000000
v -0.215411 -0.093479 0.000553
v -0.152628 -0.033842 0.050474
v -0.152926 -0.022532 0.000553
v -0.208863 -0.093785 0.061880
v 1.365373 -0.077993 -0.149141
v 1.358699 -0.026518 -0.109745
v 1.403225 -0.071981 -0.118110
v -0.041727 -0.104519 0.143059
v -0.079142 -0.096879 0.105553
v -0.040876 -0.130251 0.112782
v -0.074698 -0.083741 0.120141
v -0.074746 -0.081916 -0.123250
v -0.041775 -0.102694 -0.146168
v -0.079142 -0.096879 -0.102842
v -0.040876 -0.130251 -0.110071
v 1.497509 0.248953 0.013132
v 1.496948 0.226878 -0.000000
v 1.507120 0.240003 -0.000000
v 1.475490 0.237468 0.023929
v -0.216556 0.280645 0.019026
v -0.209459 0.302134 -0.000000
v -0.238600 0.285847 -0.000000
v -0.198690 0.295924 0.010442
v -0.041727 -0.104519 0.143059
v -0.043529 -0.045566 0.148900
v -0.074698 -0.083741 0.120141
v -0.072371 -0.046243 0.121995
v -0.043530 -0.045566 -0.151353
v -0.074746 -0.081916 -0.123250
v -0.072371 -0.046243 -0.124446
v -0.041775 -0.102694 -0.146168
v 0.016109 0.156397 -0.083318
v 0.051586 0.214870 -0.045290
v 0.052066 0.188876 -0.105016
v 0.010572 0.160323 -0.042161
v 0.053269 0.131713 -0.112982
v 0.020537 0.130741 -0.086824
v 0.053269 0.131713 -0.112982
v 0.054217 0.086852 -0.094346
v 0.915695 0.183707 -0.002332
v 0.867231 0.241480 -0.002332
v 0.867306 0.236230 0.046539
v 0.910842 0.183833 0.043776
v 0.910842 0.183833 -0.042525
v 0.867306 0.236230 -0.045290
v 0.915695 0.183707 -0.002332
v 0.867231 0.241480 -0.002332
v 1.175231 -0.450374 -0.130118
v 1.135095 -0.407191 -0.076638
v 1.131079 -0.451379 -0.124054
v 1.129662 -0.407383 -0.056153
v 1.131079 -0.451379 0.124054
v 1.129662 -0.407383 0.056152
v 1.135095 -0.407191 0.076638
v 1.175231 -0.450374 0.130118
v 0.051586 0.214870 0.046539
v 0.016109 0.156397 0.078939
v 0.052066 0.188876 0.100638
v 0.010572 0.160323 0.043410
v 0.053268 0.131713 0.110590
v 0.020537 0.130741 0.084433
v 0.054217 0.086852 0.087757
v 0.053268 0.131713 0.110590
v -0.040876 -0.130251 -0.110071
v -0.040529 -0.141422 -0.001058
v -0.079142 -0.096879 -0.102842
v -0.083138 -0.104252 -0.001058
v -0.040529 -0.141422 -0.001058
v -0.079142 -0.096879 0.105553
v -0.083138 -0.104252 -0.001058
v -0.040876 -0.130251 0.112782
v 0.868989 0.153073 -0.112982
v 0.905091 0.179140 -0.084289
v 0.901616 0.152517 -0.087942
v 0.867786 0.210236 -0.105018
v 0.867306 0.236230 -0.045290
v 0.910842 0.183833 -0.042525
v 0.868989 0.153073 0.110590
v 0.905091 0.179140 0.079910
v 0.867786 0.210236 0.100638
v 0.901616 0.152517 0.085550
v 0.867306 0.236230 0.046539
v 0.910842 0.183833 0.043776
v -0.198690 0.295924 -0.010442
v -0.209459 0.302134 -0.000000
v -0.168859 0.304976 -0.000000
v -0.209459 0.302134 -0.000000
v -0.216556 0.280645 -0.019026
v -0.238600 0.285847 -0.000000
v -0.072371 -0.046243 -0.124446
v -0.044748 -0.006666 -0.122970
v -0.043530 -0.045566 -0.151353
v -0.072371 -0.046243 0.121995
v -0.043529 -0.045566 0.148900
v -0.044748 -0.006666 0.120519
v 0.068522 -0.144475 -0.063011
v 0.024364 -0.081457 -0.124396
v 0.067350 -0.108546 -0.154276
v 0.018632 -0.100964 -0.058988
v 0.065063 -0.034065 -0.161034
v 0.027460 -0.034948 -0.125956
v 0.068522 -0.144475 0.055065
v 0.024364 -0.081457 0.116450
v 0.018632 -0.100964 0.051042
v 0.067351 -0.108546 0.146330
v 0.065063 -0.034065 0.157168
v 0.027460 -0.034948 0.122089
v -0.152790 -0.031292 0.076326
v -0.197894 -0.029920 0.130651
v -0.154767 0.031869 0.124998
v 0.138381 0.165031 -0.002413
v 0.187398 0.224079 0.049945
v 0.187317 0.229704 -0.002413
v 0.143458 0.165642 0.046593
v 0.187398 0.224079 -0.048434
v 0.138381 0.165031 -0.002413
v 0.187317 0.229704 -0.002413
v 0.143459 0.165642 -0.045083
v 0.971314 -0.241170 -0.042079
v 0.989820 -0.283044 -0.092964
v 1.032340 -0.221901 -0.094441
v 0.971314 -0.241170 0.042080
v 1.032339 -0.221902 0.094441
v 0.989820 -0.283044 0.092964
v 1.633051 -0.105498 -0.133944
v 1.680282 -0.060190 -0.128721
v 1.625154 -0.066758 -0.082606
v 1.609941 -0.068474 -0.085192
v 1.633051 -0.105498 -0.133944
v 1.583857 -0.116129 -0.128791
v 0.068522 -0.144475 -0.063011
v 0.068975 -0.159039 -0.000171
v 0.018632 -0.100964 -0.058988
v 0.013422 -0.110579 -0.000171
v 0.068975 -0.159039 -0.000171
v 0.018632 -0.100964 0.051042
v 0.013422 -0.110579 -0.000171
v 0.068522 -0.144475 0.055065
v 1.487899 0.257903 -0.000000
v 1.497509 0.248953 0.013132
v 1.530369 0.251188 -0.000000
v 0.149391 0.161435 -0.089175
v 0.187398 0.224079 -0.048434
v 0.187912 0.196232 -0.112422
v 0.143459 0.165642 -0.045083
v 0.189201 0.134992 -0.120956
v 0.154135 0.133950 -0.092933
v -0.079142 -0.096879 -0.102842
v -0.083138 -0.104252 -0.001058
v -0.043122 -0.058484 -0.085725
v -0.043115 -0.058810 -0.001058
v -0.083138 -0.104252 -0.001058
v -0.043122 -0.058484 0.088437
v -0.043115 -0.058810 -0.001058
v -0.079142 -0.096879 0.105553
v 0.187398 0.224079 0.049945
v 0.149391 0.161435 0.084656
v 0.187912 0.196231 0.107902
v 0.143458 0.165642 0.046593
v 0.189201 0.134991 0.118564
v 0.154135 0.133950 0.090542
v 1.507120 0.240003 -0.000000
v 1.497509 0.248953 -0.013132
v 1.530369 0.251188 -0.000000
v 1.496948 0.226878 -0.000000
v 1.497509 0.248953 -0.013132
v 1.475490 0.237468 -0.023929
v -0.138590 0.158582 -0.002534
v -0.081610 0.087812 -0.002534
v -0.081934 0.100254 0.042642
v -0.133005 0.159253 0.051371
v -0.133005 0.159253 -0.049471
v -0.081934 0.100254 -0.040741
v -0.138590 0.158582 -0.002534
v -0.081610 0.087812 -0.002534
v 0.027460 -0.034948 0.122089
v 0.065063 -0.034065 0.157168
v 0.063475 0.016652 0.120419
v 0.027460 -0.034948 -0.125956
v 0.063475 0.016652 -0.122516
v 0.065063 -0.034065 -0.161034
v -0.043178 -0.057887 -0.091623
v -0.079142 -0.096879 -0.102842
v -0.043122 -0.058484 -0.085725
v -0.074746 -0.081916 -0.123250
v 1.625154 -0.066758 -0.082606
v 1.680282 -0.060190 -0.128721
v 1.622900 -0.027176 -0.132367
v 0.788073 0.182999 -0.002534
v 0.730960 0.251082 -0.002534
v 0.731049 0.244895 0.055059
v 0.782355 0.183148 0.051801
v 0.782356 0.183148 -0.049901
v 0.731050 0.244895 -0.053158
v 0.788073 0.182999 -0.002534
v 0.730960 0.251082 -0.002534
v -0.074698 -0.083741 0.120141
v -0.043130 -0.059711 0.088514
v -0.079142 -0.096879 0.105553
v 0.976963 -0.241117 0.132247
v 0.947987 -0.302007 0.103080
v 0.989820 -0.283044 0.092964
v 0.900345 -0.265155 0.133781
v -0.133005 0.159253 0.051371
v -0.082397 0.115932 0.057953
v -0.126479 0.154626 0.093240
v -0.081934 0.100254 0.042642
v -0.082397 0.115932 0.057953
v -0.121261 0.124393 0.099714
v 0.964799 -0.403035 -0.136779
v 1.016816 -0.432485 -0.105391
v 0.995107 -0.446398 -0.115068
v 0.933440 -0.416166 -0.122351
v 1.036655 -0.368568 -0.134411
v 1.055223 -0.407933 -0.097807
v 0.964799 -0.403035 -0.136779
v 0.980274 -0.460131 -0.098225
v 0.908957 -0.429116 -0.079682
v 0.995107 -0.446398 -0.115068
v 0.900345 -0.265155 -0.133781
v 0.976963 -0.241117 -0.132247
v 0.947987 -0.302007 -0.103080
v 0.989820 -0.283044 -0.092964
v 1.788836 0.228040 0.016130
v 1.801638 0.218227 -0.000000
v 1.828750 0.234635 -0.000000
v 0.964798 -0.403036 0.136781
v 0.995107 -0.446398 0.106544
v 1.016816 -0.432485 0.105391
v 0.933440 -0.416166 0.116365
v 1.036655 -0.368568 0.134411
v 0.964798 -0.403036 0.136781
v 1.055223 -0.407933 0.097808
v 0.980274 -0.460131 0.081871
v 0.995107 -0.446398 0.106544
v 0.908957 -0.429117 0.067806
v 1.217217 0.318003 0.010442
v 1.221396 0.297524 -0.000000
v 1.227986 0.311794 -0.000000
v 1.199352 0.302725 0.019026
v -0.082397 0.115932 -0.062687
v -0.133005 0.159253 -0.049471
v -0.126479 0.154626 -0.097974
v -0.081934 0.100254 -0.040741
v -0.121261 0.124393 -0.102106
v -0.082748 0.128208 -0.060527
v 1.128011 -0.279846 -0.108822
v 1.088226 -0.244457 -0.072030
v 1.088400 -0.284531 -0.100038
v 1.083357 -0.245095 -0.055848
v 1.088400 -0.284531 0.100037
v 1.083357 -0.245095 0.055847
v 1.088226 -0.244457 0.072030
v 1.128011 -0.279846 0.108822
v 0.733032 0.146898 -0.132931
v 0.775576 0.177617 -0.099118
v 0.771481 0.146243 -0.103423
v 0.731615 0.214262 -0.123545
v 0.731050 0.244895 -0.053158
v 0.782356 0.183148 -0.049901
v 0.733032 0.146898 0.130540
v 0.775576 0.177617 0.094385
v 0.731615 0.214262 0.118812
v 0.771481 0.146243 0.101033
v 0.731049 0.244895 0.055059
v 0.782355 0.183148 0.051801
v 0.140505 -0.078961 -0.122302
v 0.185730 -0.107461 -0.151656
v 0.134474 -0.099484 -0.096422
v 0.186963 -0.145261 -0.103179
v 0.183323 -0.029102 -0.162431
v 0.140505 -0.078961 -0.122302
v 0.143762 -0.030030 -0.127046
v 0.185730 -0.107461 -0.151656
v 0.185730 -0.107461 0.143656
v 0.134474 -0.099484 0.088422
v 0.186963 -0.145261 0.095180
v 0.140505 -0.078961 0.114303
v 0.185730 -0.107461 0.143656
v 0.183323 -0.029102 0.158510
v 0.140505 -0.078961 0.114303
v 0.143762 -0.030030 0.123125
v 1.054958 0.189171 -0.002413
v 1.005606 0.133366 0.038658
v 1.005901 0.122056 -0.002413
v 1.049760 0.189306 0.046982
v 1.054958 0.189171 -0.002413
v 1.005606 0.133366 -0.037147
v 1.049760 0.189306 -0.045473
v 1.005901 0.122056 -0.002413
v -0.074746 -0.081916 -0.123250
v -0.043481 -0.047122 -0.098795
v -0.072371 -0.046243 -0.124446
v -0.043178 -0.057887 -0.091623
v -0.043481 -0.047122 0.096343
v -0.074698 -0.083741 0.120141
v -0.072371 -0.046243 0.121995
v -0.043130 -0.059711 0.088514
v 0.065603 -0.051332 -0.000171
v 0.018632 -0.100964 0.051042
v 0.065594 -0.050907 0.041517
v 0.013422 -0.110579 -0.000171
v 0.018632 -0.100964 0.051042
v 0.065522 -0.050128 0.075217
v 0.024364 -0.081457 0.116450
v 0.065522 -0.050128 0.075217
v 0.027460 -0.034948 0.122089
v 0.065126 -0.036092 0.074771
v -0.209459 0.302134 -0.000000
v -0.198690 0.295924 0.010442
v -0.168859 0.304976 -0.000000
v 0.065522 -0.050128 -0.083164
v 0.018632 -0.100964 -0.058988
v 0.065594 -0.050907 -0.049463
v 0.024364 -0.081457 -0.124396
v 0.065522 -0.050128 -0.083164
v 0.027460 -0.034948 -0.125956
v 0.065126 -0.036092 -0.078638
v -0.082748 0.128208 0.058135
v -0.081570 0.072671 0.083422
v -0.121261 0.124393 0.099714
v 0.186963 -0.145261 -0.103179
v 0.187439 -0.160583 0.000000
v 0.134474 -0.099484 -0.096422
v 0.128994 -0.109599 0.000000
v 0.187439 -0.160583 0.000000
v 0.134474 -0.099484 0.088422
v 0.128994 -0.109599 0.000000
v 0.186963 -0.145261 0.095180
v -0.121261 0.124393 -0.102106
v -0.082688 0.125538 -0.132931
v -0.081570 0.072671 -0.090760
v 1.043598 0.184277 0.085696
v 1.005186 0.147620 0.052576
v 1.049760 0.189306 0.046982
v 1.005606 0.133366 0.038658
v 1.005186 0.147620 0.052576
v 1.039874 0.155756 0.091739
v 1.005186 0.147620 -0.057096
v 1.043598 0.184277 -0.090215
v 1.049760 0.189306 -0.045473
v 1.005606 0.133366 -0.037147
v 1.004867 0.158780 -0.055133
v 1.039875 0.155756 -0.094130
v 1.004921 0.156352 -0.120956
v 1.039875 0.155756 -0.094130
v 1.005937 0.108291 -0.093728
v 0.018632 -0.100964 -0.058988
v 0.013422 -0.110579 -0.000171
v 0.065594 -0.050907 -0.049463
v 0.065603 -0.051332 -0.000171
v 1.776033 0.237852 -0.000000
v 1.788836 0.228040 0.016130
v 1.828750 0.234635 -0.000000
v 0.269270 0.169262 -0.002534
v 0.323189 0.234215 0.055059
v 0.323100 0.240402 -0.002534
v 0.274856 0.169933 0.051371
v 0.323189 0.234215 -0.053158
v 0.269270 0.169262 -0.002534
v 0.323100 0.240402 -0.002534
v 0.274856 0.169933 -0.049471
v 0.143762 -0.030030 0.123125
v 0.183323 -0.029102 0.158510
v 0.181652 0.024256 0.121398
v -0.082748 0.128208 -0.060527
v -0.121261 0.124393 -0.102106
v -0.081570 0.072671 -0.090760
v 0.143762 -0.030030 -0.127046
v 0.181652 0.024256 -0.123548
v 0.183323 -0.029102 -0.162431
v -0.121261 0.124393 0.099714
v -0.081570 0.072671 0.083422
v -0.082688 0.125538 0.130540
v 1.227986 0.311794 -0.000000
v 1.217217 0.318003 -0.010442
v 1.247049 0.327057 -0.000000
v 1.221396 0.297524 -0.000000
v 1.217217 0.318003 -0.010442
v 1.199352 0.302725 -0.019026
v 1.004921 0.156352 0.118564
v 1.005937 0.108291 0.086839
v 1.039874 0.155756 0.091739
v 0.281381 0.165306 -0.097974
v 0.323189 0.234215 -0.053158
v 0.323755 0.203582 -0.123545
v 0.274856 0.169933 -0.049471
v 0.325172 0.136218 -0.132931
v 0.286599 0.135073 -0.102106
v 0.323189 0.234215 0.055059
v 0.281381 0.165306 0.093240
v 0.323755 0.203582 0.118812
v 0.274856 0.169933 0.051371
v 0.325172 0.136218 0.130540
v 0.286599 0.135073 0.099714
v 1.633051 -0.105498 0.130022
v 1.609941 -0.068474 0.077018
v 1.625154 -0.066758 0.078686
v 1.583857 -0.116129 0.120618
v 1.128011 -0.279846 0.108822
v 1.146883 -0.231063 0.135485
v 1.079134 -0.247591 0.134152
v 1.088400 -0.284531 0.100037
v 1.079133 -0.247591 -0.134153
v 1.146883 -0.231063 -0.135485
v 1.128011 -0.279846 -0.108822
v 1.088400 -0.284531 -0.100038
v 0.005832 0.159753 -0.002332
v 0.054184 0.099700 -0.002332
v 0.053908 0.110258 0.036003
v 0.010572 0.160323 0.043410
v 0.010572 0.160323 -0.042161
v 0.053908 0.110258 -0.034754
v 0.005832 0.159753 -0.002332
v 0.054184 0.099700 -0.002332
v 0.065126 -0.036092 -0.078638
v 0.063475 0.016652 -0.122516
v 0.027460 -0.034948 -0.125956
v -0.043481 -0.047122 -0.098795
v -0.044748 -0.006666 -0.122970
v -0.072371 -0.046243 -0.124446
v -0.043481 -0.047122 0.096343
v -0.072371 -0.046243 0.121995
v -0.044748 -0.006666 0.120519
v 0.065126 -0.036092 0.074771
v 0.027460 -0.034948 0.122089
v 0.063475 0.016652 0.120419
v 1.206448 0.324214 -0.000000
v 1.217217 0.318003 0.010442
v 1.247049 0.327057 -0.000000
v 0.647098 0.178491 -0.002413
v 0.595177 0.240384 -0.002413
v 0.595258 0.234759 0.049945
v 0.641900 0.178626 0.046982
v 0.641900 0.178626 -0.045473
v 0.595258 0.234759 -0.048434
v 0.647098 0.178491 -0.002413
v 0.595177 0.240384 -0.002413
v 1.144029 -0.174519 -0.000001
v 1.196614 -0.219707 0.094908
v 1.206127 -0.217534 -0.000001
v 1.134482 -0.176823 0.090542
v 1.144029 -0.174519 -0.000001
v 1.196614 -0.219707 -0.094910
v 1.134482 -0.176823 -0.090542
v 1.206127 -0.217534 -0.000001
v 0.010572 0.160323 0.043410
v 0.053516 0.123563 0.048997
v 0.016109 0.156397 0.078939
v 0.053908 0.110258 0.036003
v 0.053516 0.123563 0.048997
v 0.020537 0.130741 0.084433
v 0.868989 0.153073 -0.112982
v 0.901616 0.152517 -0.087942
v 0.869938 0.108213 -0.092586
v -0.286839 0.007263 0.117571
v -0.256794 -0.016770 0.152531
v -0.224691 0.024016 0.115977
v 0.053516 0.123563 -0.053375
v 0.010572 0.160323 -0.042161
v 0.016109 0.156397 -0.083318
v 0.053908 0.110258 -0.034754
v 0.020537 0.130741 -0.086824
v 0.053218 0.133980 -0.051542
v 1.026349 -0.372385 0.062074
v 1.016816 -0.432485 0.105391
v 1.018984 -0.373567 0.063695
v 0.995107 -0.446398 0.106544
v 1.055223 -0.407933 0.097808
v 1.031113 -0.369421 0.042768
v 0.394571 -0.237669 -0.000001
v 0.334265 -0.186743 0.110270
v 0.326834 -0.188609 -0.000001
v 0.402043 -0.235657 0.103901
v 0.394571 -0.237669 -0.000001
v 0.334265 -0.186743 -0.110271
v 0.402043 -0.235657 -0.103901
v 0.326834 -0.188609 -0.000001
v 1.346430 0.273371 0.012430
v 1.357198 0.267161 -0.000000
v 1.376261 0.282424 -0.000000
v 1.039874 0.155756 0.091739
v 1.005937 0.108291 0.086839
v 1.004867 0.158780 0.052742
v 0.597061 0.145672 -0.120956
v 0.635738 0.173597 -0.090215
v 0.632015 0.145075 -0.094130
v 0.595773 0.206912 -0.112422
v 0.595258 0.234759 -0.048434
v 0.641900 0.178626 -0.045473
v 1.694983 -0.298833 -0.122180
v 1.711746 -0.237322 -0.160531
v 1.733190 -0.269088 -0.127064
v 1.647355 -0.278113 -0.149886
v 1.627324 -0.290953 -0.065366
v 1.692511 -0.308529 -0.061673
v 0.597060 0.145671 0.118564
v 0.635738 0.173597 0.085696
v 0.595772 0.206911 0.107902
v 0.632014 0.145075 0.091739
v 0.595258 0.234759 0.049945
v 0.641900 0.178626 0.046982
v 1.711746 -0.237322 0.152531
v 1.694983 -0.298833 0.114182
v 1.733190 -0.269088 0.119065
v 1.647355 -0.278113 0.141886
v 1.627324 -0.290953 0.057367
v 1.692511 -0.308529 0.053674
v 0.908957 -0.429116 -0.079682
v 0.983793 -0.464558 0.011170
v 0.902631 -0.433992 0.011170
v 0.980274 -0.460131 -0.098225
v 0.983793 -0.464558 0.011170
v 0.908957 -0.429117 0.067806
v 0.902631 -0.433992 0.011170
v 0.980274 -0.460131 0.081871
v 0.868989 0.153073 0.110590
v 0.869938 0.108213 0.085998
v 0.901616 0.152517 0.085550
v 1.203413 -0.335980 -0.000001
v 1.259792 -0.391224 0.099812
v 1.267340 -0.389910 -0.000001
v 1.195812 -0.337434 0.094046
v 1.039875 0.155756 -0.094130
v 1.004867 0.158780 -0.055133
v 1.005937 0.108291 -0.093728
v 1.203413 -0.335980 -0.000001
v 1.259792 -0.391223 -0.099813
v 1.195812 -0.337433 -0.094047
v 1.267340 -0.389910 -0.000001
v 0.467579 -0.158347 0.176474
v 0.433663 -0.215443 0.131850
v 0.476404 -0.200793 0.128468
v 0.392200 -0.175065 0.168871
v 0.467579 -0.158347 0.176474
v 0.522943 -0.147798 0.099847
v 0.402043 -0.235657 0.103901
v 0.334265 -0.186743 0.110270
v 0.433663 -0.215443 0.131850
v 0.134474 -0.099484 -0.096422
v 0.128994 -0.109599 0.000000
v 0.183882 -0.046820 -0.080420
v 0.183892 -0.047267 -0.000000
v 0.128994 -0.109599 0.000000
v 0.183882 -0.046820 0.072421
v 0.183892 -0.047267 -0.000000
v 0.134474 -0.099484 0.088422
v 0.467579 -0.158346 -0.176474
v 0.433663 -0.215442 -0.131850
v 0.392200 -0.175065 -0.168871
v 0.476405 -0.200793 -0.128468
v 0.467579 -0.158346 -0.176474
v 0.522943 -0.147798 -0.099848
v 0.402043 -0.235657 -0.103901
v 0.433663 -0.215442 -0.131850
v 0.334265 -0.186743 -0.110271
v 1.335662 0.279581 -0.000000
v 1.346430 0.273371 0.012430
v 1.376261 0.282424 -0.000000
v 0.915695 0.183707 -0.002332
v 0.869629 0.131619 0.036003
v 0.869904 0.121061 -0.002332
v 0.910842 0.183833 0.043776
v 0.915695 0.183707 -0.002332
v 0.869629 0.131619 -0.034754
v 0.910842 0.183833 -0.042525
v 0.869904 0.121061 -0.002332
v -0.230747 0.200131 0.030764
v -0.272838 0.199305 -0.000000
v -0.252118 0.186182 -0.000000
v -0.233713 0.186219 0.015460
v -0.286839 0.007263 -0.125570
v -0.224690 0.024016 -0.118945
v -0.256794 -0.016770 -0.160531
v -0.252118 0.186182 -0.000000
v -0.230747 0.200131 -0.030763
v -0.233713 0.186219 -0.015460
v -0.272838 0.199305 -0.000000
v 0.900345 -0.265155 0.133781
v 0.912032 -0.322626 0.092490
v 0.947987 -0.302007 0.103080
v 0.835663 -0.280557 0.100452
v 0.912032 -0.322626 -0.092490
v 0.835663 -0.280557 -0.100452
v 0.900345 -0.265155 -0.133781
v 0.947987 -0.302007 -0.103080
v 0.183806 -0.046001 -0.081794
v 0.134474 -0.099484 -0.096422
v 0.183882 -0.046820 -0.080420
v 0.140505 -0.078961 -0.122302
v 0.183806 -0.046001 -0.081794
v 0.143762 -0.030030 -0.127046
v 0.183389 -0.031235 -0.079316
v 0.154135 0.133950 -0.092933
v 0.189201 0.134992 -0.120956
v 0.190217 0.086930 -0.092398
v 1.639663 -0.224372 -0.061186
v 1.697841 -0.246089 -0.080862
v 1.648828 -0.226159 -0.120884
v 1.708188 -0.239662 -0.051286
v 1.639663 -0.224372 0.053186
v 1.697841 -0.246089 0.072862
v 1.708188 -0.239662 0.043286
v 1.648828 -0.226159 0.112885
v 0.134474 -0.099484 0.088422
v 0.183806 -0.046001 0.073795
v 0.183882 -0.046820 0.072421
v 0.140505 -0.078961 0.114303
v 0.143762 -0.030030 0.123125
v 0.183389 -0.031235 0.075396
v 0.143762 -0.030030 0.123125
v 0.181652 0.024256 0.121398
v 1.622900 -0.027176 0.128446
v 1.625154 -0.066758 0.078686
v 1.609941 -0.068474 0.077018
v 1.573333 -0.028209 0.119250
v 1.622900 -0.027176 0.128446
v 1.680282 -0.060190 0.126646
v 0.905091 0.179140 0.079910
v 0.869236 0.144924 0.048997
v 0.910842 0.183833 0.043776
v 0.869629 0.131619 0.036003
v 0.869236 0.144924 0.048997
v 0.901616 0.152517 0.085550
v 0.869938 0.108213 0.085998
v 0.868939 0.155340 0.049151
v -0.329084 -0.028505 0.053186
v -0.266996 -0.029659 0.072862
v -0.259371 -0.020158 0.043286
v -0.319846 -0.027146 0.112885
v -0.266996 -0.029659 0.072862
v -0.286839 0.007263 0.117571
v -0.258077 -0.018400 0.070414
v 0.413692 0.170433 -0.002332
v 0.459446 0.225550 0.046539
v 0.459370 0.230800 -0.002332
v 0.418432 0.171003 0.043410
v 0.459446 0.225550 -0.045290
v 0.413692 0.170433 -0.002332
v 0.459370 0.230800 -0.002332
v 0.418432 0.171003 -0.042161
v -0.329084 -0.028505 -0.061186
v -0.266996 -0.029659 -0.080862
v -0.319846 -0.027145 -0.120884
v -0.259371 -0.020158 -0.051286
v -0.286839 0.007263 -0.125570
v -0.266996 -0.029659 -0.080862
v -0.258077 -0.018400 -0.078413
v 0.869236 0.144924 -0.053375
v 0.905091 0.179140 -0.084289
v 0.910842 0.183833 -0.042525
v 0.869629 0.131619 -0.034754
v 0.868939 0.155340 -0.051542
v 0.901616 0.152517 -0.087942
v 0.869938 0.108213 -0.092586
v 0.154135 0.133950 0.090542
v 0.190217 0.086930 0.085509
v 0.189201 0.134991 0.118564
v 1.016816 -0.432485 -0.105391
v 1.018984 -0.373567 -0.066399
v 0.995107 -0.446398 -0.115068
v 1.026349 -0.372385 -0.062074
v 1.055223 -0.407933 -0.097807
v 1.031113 -0.369421 -0.042767
v 0.183389 -0.031235 -0.079316
v 0.181652 0.024256 -0.123548
v 0.143762 -0.030030 -0.127046
v -0.258077 -0.018400 -0.078413
v -0.224690 0.024016 -0.118945
v -0.286839 0.007263 -0.125570
v 0.053218 0.133980 0.049151
v 0.054217 0.086852 0.087757
v 0.020537 0.130741 0.084433
v 1.134482 -0.176823 0.090542
v 1.146883 -0.231063 0.135485
v 1.196614 -0.219707 0.094908
v 1.108675 -0.195390 0.110014
v 1.134482 -0.176823 -0.090542
v 1.146883 -0.231063 -0.135485
v 1.108675 -0.195390 -0.110014
v 1.196614 -0.219707 -0.094910
v 1.497509 0.248953 0.013132
v 1.507120 0.240003 -0.000000
v 1.530369 0.251188 -0.000000
v 0.138381 0.165031 -0.002413
v 0.190181 0.100695 -0.002413
v 0.189886 0.112006 0.038658
v 0.143458 0.165642 0.046593
v 0.143459 0.165642 -0.045083
v 0.189886 0.112006 -0.037147
v 0.138381 0.165031 -0.002413
v 0.190181 0.100695 -0.002413
v 0.423969 0.167077 -0.083318
v 0.459446 0.225550 -0.045290
v 0.459926 0.199556 -0.105018
v 0.418432 0.171003 -0.042161
v 0.461129 0.142393 -0.112982
v 0.428397 0.141421 -0.086824
v 0.461129 0.142393 -0.112982
v 0.462077 0.097532 -0.091956
v 0.053218 0.133980 -0.051542
v 0.020537 0.130741 -0.086824
v 0.054217 0.086852 -0.094346
v 0.459446 0.225550 0.046539
v 0.423969 0.167077 0.078939
v 0.459926 0.199556 0.100638
v 0.418432 0.171003 0.043410
v 0.461129 0.142393 0.110590
v 0.428397 0.141421 0.084433
v 0.462077 0.097532 0.085366
v 0.461129 0.142393 0.110590
v 0.143458 0.165642 0.046593
v 0.189466 0.126260 0.052576
v 0.149391 0.161435 0.084656
v 0.189886 0.112006 0.038658
v 0.189466 0.126260 0.052576
v 0.154135 0.133950 0.090542
v 1.217217 0.318003 0.010442
v 1.227986 0.311794 -0.000000
v 1.247049 0.327057 -0.000000
v 0.189466 0.126260 -0.057096
v 0.143459 0.165642 -0.045083
v 0.149391 0.161435 -0.089175
v 0.189886 0.112006 -0.037147
v 0.154135 0.133950 -0.092933
v 0.189147 0.137419 -0.055133
v 0.507834 0.173027 -0.002332
v 0.459370 0.230800 -0.002332
v 0.459446 0.225550 0.046539
v 0.502982 0.173153 0.043776
v 0.502982 0.173153 -0.042525
v 0.459446 0.225550 -0.045290
v 0.507834 0.173027 -0.002332
v 0.459370 0.230800 -0.002332
v 1.497509 0.248953 -0.013132
v 1.487899 0.257903 -0.000000
v 1.530369 0.251188 -0.000000
v 1.487899 0.257903 -0.000000
v 1.475490 0.237468 -0.023929
v 1.454032 0.248058 -0.000000
v -0.258077 -0.018400 0.070414
v -0.286839 0.007263 0.117571
v -0.224691 0.024016 0.115977
v 0.733032 0.146898 -0.132931
v 0.771481 0.146243 -0.103423
v 0.734150 0.094032 -0.092698
v 0.461129 0.142393 0.110590
v 0.497230 0.168460 0.079910
v 0.459926 0.199556 0.100638
v 0.493756 0.141838 0.085550
v 0.459446 0.225550 0.046539
v 0.502982 0.173153 0.043776
v 0.461129 0.142393 -0.112982
v 0.497230 0.168460 -0.084289
v 0.493756 0.141837 -0.087942
v 0.459926 0.199556 -0.105018
v 0.459446 0.225550 -0.045290
v 0.502982 0.173153 -0.042525
v 1.129662 -0.407383 -0.056153
v 1.068753 -0.416120 -0.099848
v 1.131079 -0.451379 -0.124054
v 1.129662 -0.407383 0.056152
v 1.131079 -0.451379 0.124054
v 1.068753 -0.416120 0.099847
v 0.733032 0.146898 0.130540
v 0.734150 0.094031 0.085358
v 0.771481 0.146243 0.101033
v 0.788073 0.182999 -0.002534
v 0.733786 0.121615 0.042642
v 0.734111 0.109173 -0.002534
v 0.782355 0.183148 0.051801
v 0.788073 0.182999 -0.002534
v 0.733786 0.121615 -0.040741
v 0.782356 0.183148 -0.049901
v 0.734111 0.109173 -0.002534
v -0.329084 -0.028505 -0.061186
v -0.333201 -0.024709 -0.000048
v -0.259371 -0.020158 -0.051286
v -0.253356 -0.012593 -0.000048
v -0.333201 -0.024709 -0.000048
v -0.259371 -0.020158 0.043286
v -0.253356 -0.012593 -0.000048
v -0.329084 -0.028505 0.053186
v 0.947987 -0.302007 -0.103080
v 0.952749 -0.241911 -0.073634
v 0.912032 -0.322626 -0.092490
v 0.966137 -0.243441 -0.060714
v 0.947987 -0.302007 0.103080
v 0.952749 -0.241911 0.073634
v 0.966137 -0.243441 0.060714
v 0.912032 -0.322626 0.092490
v 0.775576 0.177617 0.094385
v 0.733323 0.137293 0.057953
v 0.782355 0.183148 0.051801
v 0.733786 0.121615 0.042642
v 0.733323 0.137293 0.057953
v 0.771481 0.146243 0.101033
v 0.189147 0.137419 0.052742
v 0.190217 0.086930 0.085509
v 0.154135 0.133950 0.090542
v 0.733323 0.137293 -0.062687
v 0.775576 0.177617 -0.099118
v 0.782356 0.183148 -0.049901
v 0.733786 0.121615 -0.040741
v 0.732973 0.149569 -0.060527
v 0.771481 0.146243 -0.103423
v 0.286599 0.135073 -0.102106
v 0.325172 0.136218 -0.132931
v 0.326290 0.083351 -0.089951
v 0.334265 -0.186743 0.110270
v 0.392200 -0.175065 0.168871
v 0.370062 -0.120445 0.105061
v 0.414225 -0.121504 0.130118
v 0.414225 -0.121504 -0.130118
v 0.392200 -0.175065 -0.168871
v 0.370062 -0.120445 -0.105061
v 0.334265 -0.186743 -0.110271
v 0.189147 0.137419 -0.055133
v 0.154135 0.133950 -0.092933
v 0.190217 0.086930 -0.092398
v 1.738340 0.164069 0.047604
v 1.754873 0.154316 -0.000000
v 1.783246 0.158080 -0.000000
v 1.733909 0.153767 0.020970
v 1.754873 0.154316 -0.000000
v 1.733909 0.153767 -0.020970
v 1.738340 0.164069 -0.047604
v 1.783246 0.158080 -0.000000
v 0.771481 0.146243 0.101033
v 0.734150 0.094031 0.085358
v 0.732973 0.149569 0.058135
v 0.597061 0.145672 -0.120956
v 0.632015 0.145075 -0.094130
v 0.598077 0.097611 -0.093094
v 0.546241 0.175711 -0.002413
v 0.595258 0.234759 0.049945
v 0.595177 0.240384 -0.002413
v 0.551319 0.176322 0.046593
v 0.595258 0.234759 -0.048434
v 0.546241 0.175711 -0.002413
v 0.595177 0.240384 -0.002413
v 0.551319 0.176322 -0.045083
v 0.286599 0.135073 0.099714
v 0.326290 0.083351 0.082613
v 0.325172 0.136218 0.130540
v 0.835663 -0.280557 -0.100452
v 0.912032 -0.322626 -0.092490
v 0.833895 -0.287089 0.000000
v 0.910441 -0.329243 0.000000
v 0.833895 -0.287089 0.000000
v 0.910441 -0.329243 0.000000
v 0.912032 -0.322626 0.092490
v 0.835663 -0.280557 0.100452
v 0.595258 0.234759 0.049945
v 0.557251 0.172116 0.084656
v 0.595772 0.206911 0.107902
v 0.551319 0.176322 0.046593
v 0.597060 0.145671 0.118564
v 0.561995 0.144630 0.090542
v 1.217217 0.318003 -0.010442
v 1.206448 0.324214 -0.000000
v 1.247049 0.327057 -0.000000
v 1.206448 0.324214 -0.000000
v 1.199352 0.302725 -0.019026
v 1.177307 0.307927 -0.000000
v 0.771481 0.146243 -0.103423
v 0.732973 0.149569 -0.060527
v 0.734150 0.094032 -0.092698
v 0.597060 0.145671 0.118564
v 0.598077 0.097610 0.086206
v 0.632014 0.145075 0.091739
v 0.326834 -0.188609 -0.000001
v 0.370062 -0.120445 0.105061
v 0.370404 -0.116764 -0.000001
v 0.334265 -0.186743 0.110270
v 0.334265 -0.186743 -0.110271
v 0.326834 -0.188609 -0.000001
v 0.370062 -0.120445 -0.105061
v 0.370404 -0.116764 -0.000001
v 1.088400 -0.284531 0.100037
v 1.079134 -0.247591 0.134152
v 1.029341 -0.258168 0.099054
v 1.088400 -0.284531 -0.100038
v 1.029341 -0.258168 -0.099054
v 1.079133 -0.247591 -0.134153
v 0.402043 -0.235657 -0.103901
v 0.433663 -0.215442 -0.131850
v 0.450374 -0.162784 -0.085993
v 0.457442 -0.161605 -0.076638
v 0.433663 -0.215442 -0.131850
v 0.476405 -0.200793 -0.128468
v 0.462846 -0.161013 -0.056153
v 0.522943 -0.147798 -0.099848
v 1.313536 0.209568 0.036624
v 1.328974 0.195692 -0.000000
v 1.349987 0.199298 -0.000000
v 1.310569 0.195654 0.018405
v 0.450374 -0.162784 0.085993
v 0.433663 -0.215443 0.131850
v 0.402043 -0.235657 0.103901
v 0.457442 -0.161605 0.076638
v 0.433663 -0.215443 0.131850
v 0.476404 -0.200793 0.128468
v 0.462846 -0.161013 0.056152
v 0.522943 -0.147798 0.099847
v 1.313536 0.209568 -0.036624
v 1.328974 0.195692 -0.000000
v 1.310569 0.195654 -0.018405
v 1.349987 0.199298 -0.000000
v 0.269270 0.169262 -0.002534
v 0.326250 0.098492 -0.002534
v 0.325926 0.110935 0.042642
v 0.274856 0.169933 0.051371
v 0.274856 0.169933 -0.049471
v 0.325926 0.110935 -0.040741
v 0.269270 0.169262 -0.002534
v 0.326250 0.098492 -0.002534
v 1.175231 -0.450374 0.130118
v 1.142230 -0.406537 0.077837
v 1.219195 -0.454694 0.095096
v 1.135095 -0.407191 0.076638
v 1.135095 -0.407191 -0.076638
v 1.175231 -0.450374 -0.130118
v 1.142230 -0.406537 -0.077837
v 1.219195 -0.454694 -0.095098
v 0.989820 -0.283044 -0.092964
v 0.966137 -0.243441 -0.060714
v 0.947987 -0.302007 -0.103080
v 0.971314 -0.241170 -0.042079
v 1.637041 -0.219424 -0.000048
v 1.708188 -0.239662 0.043286
v 1.716375 -0.234525 -0.000048
v 1.639663 -0.224372 0.053186
v 0.971314 -0.241170 0.042080
v 0.989820 -0.283044 0.092964
v 0.966137 -0.243441 0.060714
v 0.947987 -0.302007 0.103080
v 0.394571 -0.237669 -0.000001
v 0.450374 -0.162784 0.085993
v 0.402043 -0.235657 0.103901
v 0.447122 -0.163789 -0.000001
v 0.450374 -0.162784 -0.085993
v 0.394571 -0.237669 -0.000001
v 0.402043 -0.235657 -0.103901
v 0.447122 -0.163789 -0.000001
v 1.639663 -0.224372 -0.061186
v 1.637041 -0.219424 -0.000048
v 1.708188 -0.239662 -0.051286
v 1.716375 -0.234525 -0.000048
v 0.557251 0.172116 -0.089175
v 0.595258 0.234759 -0.048434
v 0.595773 0.206912 -0.112422
v 0.551319 0.176322 -0.045083
v 0.597061 0.145672 -0.120956
v 0.561995 0.144630 -0.092933
v 0.597061 0.145672 -0.120956
v 0.598077 0.097611 -0.093094
v 0.380212 0.172319 -0.002534
v 0.323100 0.240402 -0.002534
v 0.323189 0.234215 0.055059
v 0.374495 0.172468 0.051801
v 0.374495 0.172468 -0.049901
v 0.323189 0.234215 -0.053158
v 0.380212 0.172319 -0.002534
v 0.323100 0.240402 -0.002534
v 0.325172 0.136218 0.130540
v 0.367716 0.166936 0.094385
v 0.323755 0.203582 0.118812
v 0.363621 0.135562 0.101033
v 0.323189 0.234215 0.055059
v 0.374495 0.172468 0.051801
v 0.274856 0.169933 0.051371
v 0.325463 0.126613 0.057953
v 0.281381 0.165306 0.093240
v 0.325926 0.110935 0.042642
v 0.325463 0.126613 0.057953
v 0.286599 0.135073 0.099714
v 0.325172 0.136218 -0.132931
v 0.367716 0.166936 -0.099118
v 0.363621 0.135562 -0.103423
v 0.323755 0.203582 -0.123545
v 0.323189 0.234215 -0.053158
v 0.374495 0.172468 -0.049901
v 0.325463 0.126613 -0.062687
v 0.274856 0.169933 -0.049471
v 0.281381 0.165306 -0.097974
v 0.325926 0.110935 -0.040741
v 0.286599 0.135073 -0.102106
v 0.325113 0.138888 -0.060527
v 0.467579 -0.158347 0.176474
v 0.414225 -0.121504 0.130118
v 0.392200 -0.175065 0.168871
v 0.458181 -0.117241 0.124054
v 1.475490 0.237468 0.023929
v 1.487899 0.257903 -0.000000
v 1.454032 0.248058 -0.000000
v 1.497509 0.248953 0.013132
v 0.458182 -0.117241 -0.124054
v 0.467579 -0.158346 -0.176474
v 0.414225 -0.121504 -0.130118
v 0.392200 -0.175065 -0.168871
v 0.325113 0.138888 0.058135
v 0.326290 0.083351 0.082613
v 0.286599 0.135073 0.099714
v 1.691391 -0.204672 -0.125570
v 1.755576 -0.209519 -0.124480
v 1.711746 -0.237322 -0.160531
v -0.251276 -0.090322 -0.061673
v -0.321534 -0.099209 -0.000048
v -0.318600 -0.095404 -0.065366
v -0.246675 -0.093686 -0.000048
v -0.321534 -0.099209 -0.000048
v -0.251276 -0.090322 0.053674
v -0.318600 -0.095404 0.057367
v -0.246675 -0.093686 -0.000048
v 0.325113 0.138888 -0.060527
v 0.286599 0.135073 -0.102106
v 0.326290 0.083351 -0.089951
v 1.128011 -0.279846 0.108822
v 1.088226 -0.244457 0.072030
v 1.165548 -0.280252 0.094334
v 0.461129 0.142393 -0.112982
v 0.493756 0.141837 -0.087942
v 0.462077 0.097532 -0.091956
v 0.647098 0.178491 -0.002413
v 0.597746 0.122686 0.038658
v 0.598041 0.111375 -0.002413
v 0.641900 0.178626 0.046982
v 0.647098 0.178491 -0.002413
v 0.597747 0.122686 -0.037147
v 0.641900 0.178626 -0.045473
v 0.598041 0.111375 -0.002413
v 0.461129 0.142393 0.110590
v 0.462077 0.097532 0.085366
v 0.493756 0.141838 0.085550
v 1.346430 0.273371 -0.012430
v 1.335662 0.279581 -0.000000
v 1.376261 0.282424 -0.000000
v 1.335662 0.279581 -0.000000
v 1.328564 0.258093 -0.022650
v 1.306520 0.263294 -0.000000
v 1.199352 0.302725 0.019026
v 1.206448 0.324214 -0.000000
v 1.177307 0.307927 -0.000000
v 1.217217 0.318003 0.010442
v 0.952749 -0.241911 -0.073634
v 0.869497 -0.207724 0.000000
v 0.955195 -0.247052 0.000000
v 0.871378 -0.201302 -0.093416
v 0.869497 -0.207724 0.000000
v 0.952749 -0.241911 0.073634
v 0.955195 -0.247052 0.000000
v 0.871378 -0.201302 0.093416
v 0.635738 0.173597 0.085696
v 0.597326 0.136940 0.052576
v 0.641900 0.178626 0.046982
v 0.597746 0.122686 0.038658
v 0.597326 0.136940 0.052576
v 0.632014 0.145075 0.091739
v 0.597326 0.136940 -0.057096
v 0.635738 0.173597 -0.090215
v 0.641900 0.178626 -0.045473
v 0.597747 0.122686 -0.037147
v 0.597007 0.148099 -0.055133
v 0.632015 0.145075 -0.094130
v 0.976963 -0.241117 0.132247
v 0.916769 -0.207250 0.104454
v 0.900345 -0.265155 0.133781
v 0.962896 -0.198278 0.096271
v 1.032339 -0.221902 0.094441
v 1.776033 0.237852 -0.000000
v 1.788836 0.228040 -0.016131
v 1.763263 0.211408 -0.029393
v 1.735782 0.221833 -0.000000
v 1.776033 0.237852 -0.000000
v 1.828750 0.234635 -0.000000
v 0.976963 -0.241117 -0.132247
v 0.916769 -0.207250 -0.104452
v 0.962896 -0.198278 -0.096271
v 0.900345 -0.265155 -0.133781
v 1.032340 -0.221901 -0.094441
v 1.184323 0.254201 0.030764
v 1.199761 0.240325 -0.000000
v 1.220774 0.243931 -0.000000
v 1.181357 0.240287 0.015460
v 1.199761 0.240325 -0.000000
v 1.181357 0.240287 -0.015460
v 1.184323 0.254201 -0.030763
v 1.220774 0.243931 -0.000000
v 1.165548 -0.280251 -0.094334
v 1.092223 -0.243544 -0.078262
v 1.128011 -0.279846 -0.108822
v 0.731049 0.244895 0.055059
v 0.689242 0.175986 0.093240
v 0.731615 0.214262 0.118812
v 0.682716 0.180613 0.051371
v 0.733032 0.146898 0.130540
v 0.694459 0.145753 0.099714
v 0.689242 0.175986 -0.097974
v 0.731050 0.244895 -0.053158
v 0.731615 0.214262 -0.123545
v 0.682716 0.180613 -0.049471
v 0.733032 0.146898 -0.132931
v 0.694460 0.145754 -0.102106
v 0.677131 0.179940 -0.002534
v 0.731049 0.244895 0.055059
v 0.730960 0.251082 -0.002534
v 0.682716 0.180613 0.051371
v 0.731050 0.244895 -0.053158
v 0.677131 0.179940 -0.002534
v 0.730960 0.251082 -0.002534
v 0.682716 0.180613 -0.049471
v 0.458181 -0.117241 0.124054
v 0.467579 -0.158347 0.176474
v 0.522943 -0.147798 0.099847
v 0.458182 -0.117241 -0.124054
v 0.522943 -0.147798 -0.099848
v 0.467579 -0.158346 -0.176474
v 1.692511 -0.308529 -0.061673
v 1.623292 -0.293568 -0.000048
v 1.627324 -0.290953 -0.065366
v 1.695734 -0.313230 -0.000048
v 1.623292 -0.293568 -0.000048
v 1.692511 -0.308529 0.053674
v 1.627324 -0.290953 0.057367
v 1.695734 -0.313230 -0.000048
v 0.632014 0.145075 0.091739
v 0.598077 0.097610 0.086206
v 0.597007 0.148099 0.052742
v 1.691391 -0.204672 0.117571
v 1.711746 -0.237322 0.152531
v 1.755576 -0.209519 0.121512
v 0.632015 0.145075 -0.094130
v 0.597007 0.148099 -0.055133
v 0.598077 0.097611 -0.093094
v 1.218583 -0.458339 -0.000001
v 1.142230 -0.406537 0.077837
v 1.145547 -0.405775 -0.000001
v 1.219195 -0.454694 0.095096
v 1.219195 -0.454694 -0.095098
v 1.218583 -0.458339 -0.000001
v 1.142230 -0.406537 -0.077837
v 1.145547 -0.405775 -0.000001
v 0.561995 0.144630 0.090542
v 0.598077 0.097610 0.086206
v 0.597060 0.145671 0.118564
v 1.083357 -0.245095 -0.055848
v 1.029341 -0.258168 -0.099054
v 1.088400 -0.284531 -0.100038
v 1.083357 -0.245095 0.055847
v 1.088400 -0.284531 0.100037
v 1.029341 -0.258168 0.099054
v 0.418432 0.171003 -0.042161
v 0.461769 0.120939 -0.034754
v 0.413692 0.170433 -0.002332
v 0.462044 0.110381 -0.002332
v 0.413692 0.170433 -0.002332
v 0.462044 0.110381 -0.002332
v 0.461769 0.120939 0.036003
v 0.418432 0.171003 0.043410
v 0.183323 -0.029102 -0.162431
v 0.181652 0.024256 -0.123548
v 0.222671 -0.026744 -0.128558
v 0.183323 -0.029102 0.158510
v 0.222671 -0.026744 0.124637
v 0.181652 0.024256 0.121398
v 0.189201 0.134991 0.118564
v 0.227878 0.162917 0.085696
v 0.187912 0.196231 0.107902
v 0.224154 0.134395 0.091739
v 0.187398 0.224079 0.049945
v 0.234040 0.167946 0.046982
v 0.189201 0.134992 -0.120956
v 0.227878 0.162917 -0.090215
v 0.224155 0.134395 -0.094130
v 0.187912 0.196232 -0.112422
v 0.187398 0.224079 -0.048434
v 0.234040 0.167946 -0.045473
v 0.239237 0.167810 -0.002413
v 0.187317 0.229704 -0.002413
v 0.187398 0.224079 0.049945
v 0.234040 0.167946 0.046982
v 0.234040 0.167946 -0.045473
v 0.187398 0.224079 -0.048434
v 0.239237 0.167810 -0.002413
v 0.187317 0.229704 -0.002413
v 0.418432 0.171003 0.043410
v 0.461376 0.134243 0.048997
v 0.423969 0.167077 0.078939
v 0.461769 0.120939 0.036003
v 0.461376 0.134243 0.048997
v 0.428397 0.141421 0.084433
v 0.461376 0.134243 -0.053375
v 0.418432 0.171003 -0.042161
v 0.423969 0.167077 -0.083318
v 0.461769 0.120939 -0.034754
v 0.428397 0.141421 -0.086824
v 0.461079 0.144660 -0.051542
v 0.962896 -0.198278 -0.096271
v 0.971314 -0.241170 -0.042079
v 1.032340 -0.221901 -0.094441
v 0.962896 -0.198278 0.096271
v 1.032339 -0.221902 0.094441
v 0.971314 -0.241170 0.042080
v 0.325172 0.136218 -0.132931
v 0.363621 0.135562 -0.103423
v 0.326290 0.083351 -0.089951
v 0.183323 -0.029102 -0.162431
v 0.229007 -0.076139 -0.123615
v 0.185730 -0.107461 -0.151656
v 0.222671 -0.026744 -0.128558
v 0.236646 -0.096749 -0.097208
v 0.186963 -0.145261 -0.103179
v 0.229007 -0.076139 0.115616
v 0.183323 -0.029102 0.158510
v 0.185730 -0.107461 0.143656
v 0.222671 -0.026744 0.124637
v 0.236646 -0.096749 0.089209
v 0.186963 -0.145261 0.095180
v -0.252166 -0.080356 -0.122180
v -0.256794 -0.016770 -0.160531
v -0.226013 -0.039605 -0.127064
v -0.303974 -0.076638 -0.149886
v -0.252166 -0.080356 -0.122180
v -0.318600 -0.095404 -0.065366
v -0.251276 -0.090322 -0.061673
v 1.328564 0.258093 0.022650
v 1.335662 0.279581 -0.000000
v 1.306520 0.263294 -0.000000
v 1.346430 0.273371 0.012430
v 0.325172 0.136218 0.130540
v 0.326290 0.083351 0.082613
v 0.363621 0.135562 0.101033
v 1.168149 -0.283235 -0.000001
v 1.092223 -0.243544 0.078262
v 1.097980 -0.242229 -0.000001
v 1.165548 -0.280252 0.094334
v 1.165548 -0.280251 -0.094334
v 1.168149 -0.283235 -0.000001
v 1.092223 -0.243544 -0.078262
v 1.097980 -0.242229 -0.000001
v -0.256794 -0.016770 0.152531
v -0.252166 -0.080356 0.114182
v -0.226013 -0.039605 0.119065
v -0.303974 -0.076638 0.141886
v -0.318600 -0.095404 0.057367
v -0.252166 -0.080356 0.114182
v -0.251276 -0.090322 0.053674
v 0.461079 0.144660 0.049151
v 0.462077 0.097532 0.085366
v 0.428397 0.141421 0.084433
v 0.461079 0.144660 -0.051542
v 0.428397 0.141421 -0.086824
v 0.462077 0.097532 -0.091956
v 1.573333 -0.028209 -0.127422
v 1.609941 -0.068474 -0.085192
v 1.622900 -0.027176 -0.132367
v 1.625154 -0.066758 -0.082606
v 1.709993 -0.238433 0.070414
v 1.691391 -0.204672 0.117571
v 1.755576 -0.209519 0.121512
v 0.507834 0.173027 -0.002332
v 0.461769 0.120939 -0.034754
v 0.502982 0.173153 -0.042525
v 0.462044 0.110381 -0.002332
v 0.507834 0.173027 -0.002332
v 0.461769 0.120939 0.036003
v 0.462044 0.110381 -0.002332
v 0.502982 0.173153 0.043776
v 0.236646 -0.096749 -0.097208
v 0.187439 -0.160583 0.000000
v 0.186963 -0.145261 -0.103179
v 0.242767 -0.106741 0.000000
v 0.187439 -0.160583 0.000000
v 0.236646 -0.096749 0.089209
v 0.186963 -0.145261 0.095180
v 0.242767 -0.106741 0.000000
v 0.497230 0.168460 0.079910
v 0.461376 0.134243 0.048997
v 0.502982 0.173153 0.043776
v 0.461769 0.120939 0.036003
v 0.461376 0.134243 0.048997
v 0.493756 0.141838 0.085550
v 1.454744 0.217254 0.032591
v 1.454032 0.248058 -0.000000
v 1.419604 0.234508 -0.000000
v 1.475490 0.237468 0.023929
v 1.454032 0.248058 -0.000000
v 1.475490 0.237468 -0.023929
v 1.454744 0.217254 -0.032590
v 1.419604 0.234508 -0.000000
v 0.414225 -0.121504 -0.130118
v 0.457442 -0.161605 -0.076638
v 0.458182 -0.117241 -0.124054
v 0.462846 -0.161013 -0.056153
v 0.694460 0.145754 -0.102106
v 0.733032 0.146898 -0.132931
v 0.734150 0.094032 -0.092698
v 0.458181 -0.117241 0.124054
v 0.462846 -0.161013 0.056152
v 0.457442 -0.161605 0.076638
v 0.414225 -0.121504 0.130118
v 0.461376 0.134243 -0.053375
v 0.497230 0.168460 -0.084289
v 0.502982 0.173153 -0.042525
v 0.461769 0.120939 -0.034754
v 0.461079 0.144660 -0.051542
v 0.493756 0.141837 -0.087942
v 0.462077 0.097532 -0.091956
v 0.493756 0.141838 0.085550
v 0.462077 0.097532 0.085366
v 0.461079 0.144660 0.049151
v 0.900345 -0.265155 0.133781
v 0.871378 -0.201302 0.093416
v 0.835663 -0.280557 0.100452
v 0.916769 -0.207250 0.104454
v 0.694459 0.145753 0.099714
v 0.734150 0.094031 0.085358
v 0.733032 0.146898 0.130540
v 0.900345 -0.265155 -0.133781
v 0.871378 -0.201302 -0.093416
v 0.916769 -0.207250 -0.104452
v 0.835663 -0.280557 -0.100452
v 0.065063 -0.034065 -0.161034
v 0.063475 0.016652 -0.122516
v 0.102463 -0.031824 -0.127455
v 1.763263 0.211408 0.029393
v 1.776033 0.237852 -0.000000
v 1.735782 0.221833 -0.000000
v 1.788836 0.228040 0.016130
v 0.821553 0.181113 -0.002332
v 0.867306 0.236230 0.046539
v 0.867231 0.241480 -0.002332
v 0.826292 0.181683 0.043410
v 0.867306 0.236230 -0.045290
v 0.821553 0.181113 -0.002332
v 0.867231 0.241480 -0.002332
v 0.826292 0.181683 -0.042161
v 0.065063 -0.034065 0.157168
v 0.102463 -0.031824 0.123588
v 0.063475 0.016652 0.120419
v 0.370404 -0.116764 -0.000001
v 0.450374 -0.162784 0.085993
v 0.447122 -0.163789 -0.000001
v 0.370062 -0.120445 0.105061
v 0.370062 -0.120445 -0.105061
v 0.370404 -0.116764 -0.000001
v 0.450374 -0.162784 -0.085993
v 0.447122 -0.163789 -0.000001
v 0.189201 0.134992 -0.120956
v 0.224155 0.134395 -0.094130
v 0.190217 0.086930 -0.092398
v 0.462846 -0.161013 -0.056153
v 0.522943 -0.147798 -0.099848
v 0.458182 -0.117241 -0.124054
v 0.189201 0.134991 0.118564
v 0.190217 0.086930 0.085509
v 0.224154 0.134395 0.091739
v 0.462846 -0.161013 0.056152
v 0.458181 -0.117241 0.124054
v 0.522943 -0.147798 0.099847
v 1.709993 -0.238433 -0.078413
v 1.755576 -0.209519 -0.124480
v 1.691391 -0.204672 -0.125570
v 1.162786 -0.355257 0.131850
v 1.124744 -0.409691 0.176474
v 1.201153 -0.398587 0.168871
v 1.119079 -0.366708 0.128468
v 1.124744 -0.409691 0.176474
v 1.068753 -0.416120 0.099847
v 1.195812 -0.337434 0.094046
v 1.259792 -0.391224 0.099812
v 1.162786 -0.355257 0.131850
v 1.627272 -0.066506 -0.169258
v 1.583857 -0.116129 -0.128791
v 1.548883 -0.075747 -0.158025
v 1.633051 -0.105498 -0.133944
v 1.527890 -0.079836 -0.107485
v 1.580548 -0.125102 -0.101260
v 1.162786 -0.355257 -0.131850
v 1.124744 -0.409691 -0.176474
v 1.119079 -0.366708 -0.128468
v 1.201153 -0.398587 -0.168871
v 1.124744 -0.409691 -0.176474
v 1.068753 -0.416120 -0.099848
v 1.195812 -0.337433 -0.094047
v 1.162786 -0.355257 -0.131850
v 1.259792 -0.391223 -0.099813
v 1.036655 -0.368568 0.134411
v 0.963037 -0.348797 0.106795
v 0.964798 -0.403036 0.136781
v 1.007076 -0.333451 0.097847
v 1.088330 -0.341849 0.099615
v 0.963037 -0.348797 -0.106794
v 1.036655 -0.368568 -0.134411
v 0.964799 -0.403035 -0.136779
v 1.007076 -0.333451 -0.097847
v 1.088330 -0.341849 -0.099615
v 0.414225 -0.121504 0.130118
v 0.457442 -0.161605 0.076638
v 0.370062 -0.120445 0.105061
v 0.551319 0.176322 -0.045083
v 0.597747 0.122686 -0.037147
v 0.546241 0.175711 -0.002413
v 0.598041 0.111375 -0.002413
v 0.546241 0.175711 -0.002413
v 0.598041 0.111375 -0.002413
v 0.597746 0.122686 0.038658
v 0.551319 0.176322 0.046593
v 0.831830 0.177757 -0.083318
v 0.867306 0.236230 -0.045290
v 0.867786 0.210236 -0.105018
v 0.826292 0.181683 -0.042161
v 0.868989 0.153073 -0.112982
v 0.836257 0.152101 -0.086824
v 0.868989 0.153073 -0.112982
v 0.869938 0.108213 -0.092586
v 0.867306 0.236230 0.046539
v 0.831830 0.177757 0.078939
v 0.867786 0.210236 0.100638
v 0.826292 0.181683 0.043410
v 0.868989 0.153073 0.110590
v 0.836257 0.152101 0.084433
v 0.869938 0.108213 0.085998
v 0.868989 0.153073 0.110590
v 0.370062 -0.120445 -0.105061
v 0.450374 -0.162784 -0.085993
v 0.414225 -0.121504 -0.130118
v 0.966137 -0.243441 -0.060714
v 0.916769 -0.207250 -0.104452
v 0.952749 -0.241911 -0.073634
v 0.871378 -0.201302 -0.093416
v 0.597007 0.148099 0.052742
v 0.598077 0.097610 0.086206
v 0.561995 0.144630 0.090542
v 0.916769 -0.207250 0.104454
v 0.952749 -0.241911 0.073634
v 0.871378 -0.201302 0.093416
v 0.966137 -0.243441 0.060714
v 0.053268 0.131713 0.110590
v 0.089370 0.157780 0.079910
v 0.052066 0.188876 0.100638
v 0.085895 0.131157 0.085550
v 0.051586 0.214870 0.046539
v 0.095122 0.162473 0.043776
v 0.053269 0.131713 -0.112982
v 0.089370 0.157780 -0.084289
v 0.085895 0.131157 -0.087942
v 0.052066 0.188876 -0.105016
v 0.051586 0.214870 -0.045290
v 0.095122 0.162473 -0.042525
v 0.551319 0.176322 0.046593
v 0.597326 0.136940 0.052576
v 0.557251 0.172116 0.084656
v 0.597746 0.122686 0.038658
v 0.597326 0.136940 0.052576
v 0.561995 0.144630 0.090542
v 0.597007 0.148099 -0.055133
v 0.561995 0.144630 -0.092933
v 0.598077 0.097611 -0.093094
v 0.597326 0.136940 -0.057096
v 0.551319 0.176322 -0.045083
v 0.557251 0.172116 -0.089175
v 0.597747 0.122686 -0.037147
v 0.561995 0.144630 -0.092933
v 0.597007 0.148099 -0.055133
v 0.099974 0.162347 -0.002332
v 0.051510 0.220120 -0.002332
v 0.051586 0.214870 0.046539
v 0.095122 0.162473 0.043776
v 0.095122 0.162473 -0.042525
v 0.051586 0.214870 -0.045290
v 0.099974 0.162347 -0.002332
v 0.051510 0.220120 -0.002332
v 0.068975 -0.159039 -0.000171
v 0.115747 -0.098365 0.051510
v 0.068522 -0.144475 0.055065
v 0.121564 -0.107862 -0.000171
v 0.115747 -0.098365 -0.059457
v 0.068975 -0.159039 -0.000171
v 0.068522 -0.144475 -0.063011
v 0.121564 -0.107862 -0.000171
v 0.065063 -0.034065 -0.161034
v 0.108485 -0.078775 -0.125734
v 0.067350 -0.108546 -0.154276
v 0.102463 -0.031824 -0.127455
v 0.068522 -0.144475 -0.063011
v 0.115747 -0.098365 -0.059457
v 0.363621 0.135562 0.101033
v 0.326290 0.083351 0.082613
v 0.325113 0.138888 0.058135
v 0.108485 -0.078775 0.117786
v 0.065063 -0.034065 0.157168
v 0.067351 -0.108546 0.146330
v 0.102463 -0.031824 0.123588
v 0.068522 -0.144475 0.055065
v 0.115747 -0.098365 0.051510
v 0.380212 0.172319 -0.002534
v 0.325926 0.110935 -0.040741
v 0.374495 0.172468 -0.049901
v 0.326250 0.098492 -0.002534
v 0.380212 0.172319 -0.002534
v 0.325926 0.110935 0.042642
v 0.326250 0.098492 -0.002534
v 0.374495 0.172468 0.051801
v 0.363621 0.135562 -0.103423
v 0.325113 0.138888 -0.060527
v 0.326290 0.083351 -0.089951
v 1.108675 -0.195390 0.110014
v 1.079134 -0.247591 0.134152
v 1.146883 -0.231063 0.135485
v 1.070358 -0.209429 0.102910
v 1.029341 -0.258168 0.099054
v 1.108675 -0.195390 -0.110014
v 1.079133 -0.247591 -0.134153
v 1.070358 -0.209429 -0.102910
v 1.029341 -0.258168 -0.099054
v 1.146883 -0.231063 -0.135485
v -0.043530 -0.045566 -0.151353
v -0.044748 -0.006666 -0.122970
v -0.014843 -0.043847 -0.125597
v -0.043529 -0.045566 0.148900
v -0.014843 -0.043847 0.123144
v -0.044748 -0.006666 0.120519
v 0.053269 0.131713 -0.112982
v 0.085895 0.131157 -0.087942
v 0.054217 0.086852 -0.094346
v 0.367716 0.166936 0.094385
v 0.325463 0.126613 0.057953
v 0.374495 0.172468 0.051801
v 0.325926 0.110935 0.042642
v 0.325463 0.126613 0.057953
v 0.363621 0.135562 0.101033
v 0.053268 0.131713 0.110590
v 0.054217 0.086852 0.087757
v 0.085895 0.131157 0.085550
v 0.325463 0.126613 -0.062687
v 0.367716 0.166936 -0.099118
v 0.374495 0.172468 -0.049901
v 0.325926 0.110935 -0.040741
v 0.325113 0.138888 -0.060527
v 0.363621 0.135562 -0.103423
v -0.152865 -0.028864 -0.173320
v -0.154767 0.031869 -0.120926
v -0.108079 -0.026180 -0.134765
v 1.003118 0.245439 0.049945
v 0.965111 0.182796 0.084656
v 1.003632 0.217592 0.107902
v 0.959179 0.187002 0.046593
v 1.004921 0.156352 0.118564
v 0.969855 0.155311 0.090542
v 1.018497 -0.374570 -0.055701
v 0.916668 -0.355960 0.011170
v 1.016114 -0.377481 0.011170
v 0.923120 -0.351176 -0.073390
v 1.016114 -0.377481 0.011170
v 0.916668 -0.355960 0.011170
v 0.923120 -0.351176 0.063032
v 1.018497 -0.374570 0.049611
v 0.183882 -0.046820 -0.080420
v 0.242767 -0.106741 0.000000
v 0.236646 -0.096749 -0.097208
v 0.183892 -0.047267 -0.000000
v 0.242767 -0.106741 0.000000
v 0.183882 -0.046820 0.072421
v 0.236646 -0.096749 0.089209
v 0.183892 -0.047267 -0.000000
v -0.152865 -0.028864 0.170927
v -0.108079 -0.026180 0.132373
v -0.154767 0.031869 0.124998
v -0.010176 -0.081684 0.121166
v -0.043529 -0.045566 0.148900
v -0.041727 -0.104519 0.143059
v -0.014843 -0.043847 0.123144
v -0.004654 -0.094885 0.106394
v -0.040876 -0.130251 0.112782
v 0.954102 0.186391 -0.002413
v 1.003118 0.245439 0.049945
v 1.003037 0.251064 -0.002413
v 0.959179 0.187002 0.046593
v 1.003118 0.245439 -0.048434
v 0.954102 0.186391 -0.002413
v 1.003037 0.251064 -0.002413
v 0.959179 0.187002 -0.045083
v -0.043530 -0.045566 -0.151353
v -0.010224 -0.079859 -0.124275
v -0.041775 -0.102694 -0.146168
v -0.014843 -0.043847 -0.125597
v -0.004654 -0.094885 -0.103683
v -0.040876 -0.130251 -0.110071
v 1.188268 0.273795 0.025914
v 1.177307 0.307927 -0.000000
v 1.158166 0.280545 -0.000000
v 1.199352 0.302725 0.019026
v 1.199352 0.302725 -0.019026
v 1.188268 0.273795 -0.025913
v 1.177307 0.307927 -0.000000
v 1.158166 0.280545 -0.000000
v 0.222671 -0.026744 0.124637
v 0.183389 -0.031235 0.075396
v 0.181652 0.024256 0.121398
v 0.732973 0.149569 0.058135
v 0.734150 0.094031 0.085358
v 0.694459 0.145753 0.099714
v 0.732973 0.149569 -0.060527
v 0.694460 0.145754 -0.102106
v 0.734150 0.094032 -0.092698
v -0.082688 0.125538 0.130540
v -0.040144 0.156256 0.094385
v -0.084106 0.192902 0.118812
v -0.044239 0.124882 0.101033
v -0.084671 0.223535 0.055059
v -0.033366 0.161788 0.051801
v 1.007076 -0.333451 -0.097847
v 1.031113 -0.369421 -0.042767
v 1.088330 -0.341849 -0.099615
v 1.007076 -0.333451 0.097847
v 1.088330 -0.341849 0.099615
v 1.031113 -0.369421 0.042768
v 1.419604 0.234508 -0.000000
v 1.434511 0.196270 0.041201
v 1.454744 0.217254 0.032591
v 1.391051 0.207107 -0.000000
v 0.682716 0.180613 -0.049471
v 0.733786 0.121615 -0.040741
v 0.677131 0.179940 -0.002534
v 0.734111 0.109173 -0.002534
v 1.454744 0.217254 -0.032590
v 1.434511 0.196270 -0.041200
v 1.419604 0.234508 -0.000000
v 1.391051 0.207107 -0.000000
v 0.677131 0.179940 -0.002534
v 0.734111 0.109173 -0.002534
v 0.733786 0.121615 0.042642
v 0.682716 0.180613 0.051371
v 0.965111 0.182796 -0.089175
v 1.003118 0.245439 -0.048434
v 1.003632 0.217592 -0.112422
v 0.959179 0.187002 -0.045083
v 1.004921 0.156352 -0.120956
v 0.969855 0.155311 -0.092933
v 1.004921 0.156352 -0.120956
v 1.005937 0.108291 -0.093728
v -0.082688 0.125538 -0.132931
v -0.040144 0.156256 -0.099118
v -0.044239 0.124882 -0.103423
v -0.084106 0.192902 -0.123545
v -0.084671 0.223535 -0.053158
v -0.033365 0.161788 -0.049901
v 0.183882 -0.046820 -0.080420
v 0.236646 -0.096749 -0.097208
v 0.183806 -0.046001 -0.081794
v 0.229007 -0.076139 -0.123615
v 0.222671 -0.026744 -0.128558
v 0.183806 -0.046001 -0.081794
v 0.183389 -0.031235 -0.079316
v 0.222671 -0.026744 -0.128558
v 0.181652 0.024256 -0.123548
v 0.969855 0.155311 0.090542
v 1.005937 0.108291 0.086839
v 1.004921 0.156352 0.118564
v 0.183806 -0.046001 0.073795
v 0.229007 -0.076139 0.115616
v 0.236646 -0.096749 0.089209
v 0.183882 -0.046820 0.072421
v 0.222671 -0.026744 0.124637
v 0.183389 -0.031235 0.075396
v 1.184323 0.254201 0.030764
v 1.158166 0.280545 -0.000000
v 1.142232 0.253375 -0.000000
v 1.188268 0.273795 0.025914
v -0.082688 0.125538 0.130540
v -0.081570 0.072671 0.083422
v -0.044239 0.124882 0.101033
v 0.682716 0.180613 0.051371
v 0.733323 0.137293 0.057953
v 0.689242 0.175986 0.093240
v 0.733786 0.121615 0.042642
v 0.733323 0.137293 0.057953
v 0.694459 0.145753 0.099714
v 1.158166 0.280545 -0.000000
v 1.188268 0.273795 -0.025913
v 1.184323 0.254201 -0.030763
v 1.142232 0.253375 -0.000000
v -0.027648 0.161639 -0.002534
v -0.084760 0.229722 -0.002534
v -0.084671 0.223535 0.055059
v -0.033366 0.161788 0.051801
v -0.033365 0.161788 -0.049901
v -0.084671 0.223535 -0.053158
v -0.027648 0.161639 -0.002534
v -0.084760 0.229722 -0.002534
v -0.082688 0.125538 -0.132931
v -0.044239 0.124882 -0.103423
v -0.081570 0.072671 -0.090760
v 0.733323 0.137293 -0.062687
v 0.682716 0.180613 -0.049471
v 0.689242 0.175986 -0.097974
v 0.733786 0.121615 -0.040741
v 0.694460 0.145754 -0.102106
v 0.732973 0.149569 -0.060527
v -0.004654 -0.094885 -0.103683
v -0.040529 -0.141422 -0.001058
v -0.040876 -0.130251 -0.110071
v -0.000193 -0.102169 -0.001058
v -0.040529 -0.141422 -0.001058
v -0.004654 -0.094885 0.106394
v -0.040876 -0.130251 0.112782
v -0.000193 -0.102169 -0.001058
v 0.224154 0.134395 0.091739
v 0.190217 0.086930 0.085509
v 0.189147 0.137419 0.052742
v 0.224155 0.134395 -0.094130
v 0.189147 0.137419 -0.055133
v 0.190217 0.086930 -0.092398
v 0.239237 0.167810 -0.002413
v 0.189886 0.112006 -0.037147
v 0.234040 0.167946 -0.045473
v 0.190181 0.100695 -0.002413
v 0.239237 0.167810 -0.002413
v 0.189886 0.112006 0.038658
v 0.190181 0.100695 -0.002413
v 0.234040 0.167946 0.046982
v 0.065594 -0.050907 -0.049463
v 0.121564 -0.107862 -0.000171
v 0.115747 -0.098365 -0.059457
v 0.065603 -0.051332 -0.000171
v 0.121564 -0.107862 -0.000171
v 0.065594 -0.050907 0.041517
v 0.115747 -0.098365 0.051510
v 0.065603 -0.051332 -0.000171
v 0.227878 0.162917 0.085696
v 0.189466 0.126260 0.052576
v 0.234040 0.167946 0.046982
v 0.189886 0.112006 0.038658
v 0.189466 0.126260 0.052576
v 0.224154 0.134395 0.091739
v 0.189466 0.126260 -0.057096
v 0.227878 0.162917 -0.090215
v 0.234040 0.167946 -0.045473
v 0.189886 0.112006 -0.037147
v 0.189147 0.137419 -0.055133
v 0.224155 0.134395 -0.094130
v -0.152865 -0.028864 -0.173320
v -0.100868 -0.082403 -0.126078
v -0.150126 -0.118054 -0.157996
v -0.108079 -0.026180 -0.134765
v -0.149120 -0.145889 -0.074696
v -0.092570 -0.090672 -0.070440
v 0.868939 0.155340 -0.051542
v 0.836257 0.152101 -0.086824
v 0.869938 0.108213 -0.092586
v 0.868939 0.155340 0.049151
v 0.869938 0.108213 0.085998
v 0.836257 0.152101 0.084433
v 1.153145 0.216384 -0.000000
v 1.180633 0.217102 0.023186
v 1.162951 0.240250 -0.000000
v 1.181357 0.240287 0.015460
v -0.100868 -0.082403 0.126748
v -0.152865 -0.028864 0.170927
v -0.150126 -0.118054 0.158664
v -0.108079 -0.026180 0.132373
v -0.149120 -0.145889 0.066697
v -0.092570 -0.090672 0.062442
v 1.180633 0.217102 -0.023186
v 1.162951 0.240250 -0.000000
v 1.181357 0.240287 -0.015460
v 1.153145 0.216384 -0.000000
v 0.108485 -0.078775 0.117786
v 0.115747 -0.098365 0.051510
v 0.065522 -0.050128 0.075217
v 0.065594 -0.050907 0.041517
v 0.065522 -0.050128 0.075217
v 0.102463 -0.031824 0.123588
v 0.065126 -0.036092 0.074771
v 0.102463 -0.031824 0.123588
v 0.063475 0.016652 0.120419
v -0.092570 -0.090672 -0.070440
v -0.148888 -0.151509 0.000553
v -0.149120 -0.145889 -0.074696
v -0.085913 -0.090226 0.000553
v -0.148888 -0.151509 0.000553
v -0.092570 -0.090672 0.062442
v -0.149120 -0.145889 0.066697
v -0.085913 -0.090226 0.000553
v 0.964799 -0.403035 -0.136779
v 0.939640 -0.350076 -0.101784
v 0.963037 -0.348797 -0.106794
v 0.933440 -0.416166 -0.122351
v 0.908957 -0.429116 -0.079682
v 0.923120 -0.351176 -0.073390
v 0.115747 -0.098365 -0.059457
v 0.108485 -0.078775 -0.125734
v 0.065522 -0.050128 -0.083164
v 0.065594 -0.050907 -0.049463
v 0.102463 -0.031824 -0.127455
v 0.065522 -0.050128 -0.083164
v 0.065126 -0.036092 -0.078638
v 0.102463 -0.031824 -0.127455
v 0.063475 0.016652 -0.122516
v -0.230747 0.200131 0.030764
v -0.215308 0.186256 -0.000000
v -0.194295 0.189862 -0.000000
v -0.233713 0.186219 0.015460
v -0.215308 0.186256 -0.000000
v -0.233713 0.186219 -0.015460
v -0.230747 0.200131 -0.030763
v -0.194295 0.189862 -0.000000
v 1.317481 0.229162 0.030850
v 1.306520 0.263294 -0.000000
v 1.287379 0.235913 -0.000000
v 1.328564 0.258093 0.022650
v 0.963037 -0.348797 0.106795
v 1.018984 -0.373567 0.063695
v 0.939640 -0.350076 0.096659
v 1.026349 -0.372385 0.062074
v 1.018984 -0.373567 0.063695
v 0.923120 -0.351176 0.063032
v 1.018497 -0.374570 0.049611
v 1.007076 -0.333451 0.097847
v 0.963037 -0.348797 0.106795
v 1.031113 -0.369421 0.042768
v 1.434511 0.196270 0.041201
v 1.444368 0.185734 -0.000000
v 1.472376 0.176871 -0.000000
v 1.424723 0.190129 0.020130
v 1.328564 0.258093 -0.022650
v 1.317481 0.229162 -0.030849
v 1.306520 0.263294 -0.000000
v 1.287379 0.235913 -0.000000
v 1.444368 0.185734 -0.000000
v 1.424723 0.190129 -0.020130
v 1.434511 0.196270 -0.041200
v 1.472376 0.176871 -0.000000
v 0.826292 0.181683 -0.042161
v 0.869629 0.131619 -0.034754
v 0.821553 0.181113 -0.002332
v 0.869904 0.121061 -0.002332
v 0.821553 0.181113 -0.002332
v 0.869904 0.121061 -0.002332
v 0.869629 0.131619 0.036003
v 0.826292 0.181683 0.043410
v 1.070358 -0.209429 -0.102910
v 1.029341 -0.258168 -0.099054
v 1.083357 -0.245095 -0.055848
v 1.088226 -0.244457 -0.072030
v 1.108675 -0.195390 -0.110014
v 0.962896 -0.198278 -0.096271
v 0.966137 -0.243441 -0.060714
v 0.971314 -0.241170 -0.042079
v 0.916769 -0.207250 -0.104452
v 1.070358 -0.209429 0.102910
v 1.083357 -0.245095 0.055847
v 1.029341 -0.258168 0.099054
v 1.088226 -0.244457 0.072030
v 1.108675 -0.195390 0.110014
v 0.964798 -0.403036 0.136781
v 0.939640 -0.350076 0.096659
v 0.933440 -0.416166 0.116365
v 0.963037 -0.348797 0.106795
v 0.908957 -0.429117 0.067806
v 0.923120 -0.351176 0.063032
v 0.962896 -0.198278 0.096271
v 0.966137 -0.243441 0.060714
v 0.916769 -0.207250 0.104454
v 0.971314 -0.241170 0.042080
v 1.378302 -0.177169 -0.060902
v 1.378968 -0.181928 -0.000335
v 1.323172 -0.137848 -0.057025
v 1.317580 -0.138133 -0.000335
v 1.378968 -0.181928 -0.000335
v 1.323172 -0.137848 0.049025
v 1.317580 -0.138133 -0.000335
v 1.378302 -0.177169 0.052902
v 0.826292 0.181683 0.043410
v 0.869236 0.144924 0.048997
v 0.831830 0.177757 0.078939
v 0.869629 0.131619 0.036003
v 0.869236 0.144924 0.048997
v 0.836257 0.152101 0.084433
v 0.869236 0.144924 -0.053375
v 0.826292 0.181683 -0.042161
v 0.831830 0.177757 -0.083318
v 0.869629 0.131619 -0.034754
v 0.836257 0.152101 -0.086824
v 0.868939 0.155340 -0.051542
v 1.026349 -0.372385 -0.062074
v 0.963037 -0.348797 -0.106794
v 1.018984 -0.373567 -0.066399
v 0.939640 -0.350076 -0.101784
v 1.007076 -0.333451 -0.097847
v 0.963037 -0.348797 -0.106794
v 1.031113 -0.369421 -0.042767
v 0.923120 -0.351176 -0.073390
v 1.018984 -0.373567 -0.066399
v 1.018497 -0.374570 -0.055701
v -0.014843 -0.043847 -0.125597
v -0.044748 -0.006666 -0.122970
v -0.043481 -0.047122 -0.098795
v -0.014843 -0.043847 0.123144
v -0.043481 -0.047122 0.096343
v -0.044748 -0.006666 0.120519
v -0.043122 -0.058484 -0.085725
v -0.000193 -0.102169 -0.001058
v -0.004654 -0.094885 -0.103683
v -0.043115 -0.058810 -0.001058
v -0.000193 -0.102169 -0.001058
v -0.043122 -0.058484 0.088437
v -0.004654 -0.094885 0.106394
v -0.043115 -0.058810 -0.001058
v 1.313536 0.209568 0.036624
v 1.287379 0.235913 -0.000000
v 1.271444 0.208742 -0.000000
v 1.317481 0.229162 0.030850
v 1.287379 0.235913 -0.000000
v 1.317481 0.229162 -0.030849
v 1.313536 0.209568 -0.036624
v 1.271444 0.208742 -0.000000
v 0.099974 0.162347 -0.002332
v 0.053908 0.110258 -0.034754
v 0.095122 0.162473 -0.042525
v 0.054184 0.099700 -0.002332
v 0.871378 -0.201302 -0.093416
v 0.835663 -0.280557 -0.100452
v 0.869497 -0.207724 0.000000
v 0.833895 -0.287089 0.000000
v 0.869497 -0.207724 0.000000
v 0.833895 -0.287089 0.000000
v 0.835663 -0.280557 0.100452
v 0.871378 -0.201302 0.093416
v 0.099974 0.162347 -0.002332
v 0.053908 0.110258 0.036003
v 0.054184 0.099700 -0.002332
v 0.095122 0.162473 0.043776
v 1.527890 -0.079836 -0.107485
v 1.573333 -0.028209 -0.127422
v 1.548883 -0.075747 -0.158025
v 1.568918 -0.023558 -0.100441
v 1.627272 -0.066506 -0.169258
v 1.622900 -0.027176 -0.132367
v 1.328665 -0.130297 -0.112379
v 1.378302 -0.177169 -0.060902
v 1.323172 -0.137848 -0.057025
v 1.375129 -0.153590 -0.139270
v 1.365373 -0.077993 -0.149141
v 1.328665 -0.130297 -0.112379
v 1.327180 -0.082640 -0.116724
v 0.053516 0.123563 -0.053375
v 0.089370 0.157780 -0.084289
v 0.095122 0.162473 -0.042525
v 0.053908 0.110258 -0.034754
v 0.053218 0.133980 -0.051542
v 0.085895 0.131157 -0.087942
v 0.054217 0.086852 -0.094346
v 0.089370 0.157780 0.079910
v 0.053516 0.123563 0.048997
v 0.095122 0.162473 0.043776
v 0.053908 0.110258 0.036003
v 0.053516 0.123563 0.048997
v 0.085895 0.131157 0.085550
v 0.054217 0.086852 0.087757
v 0.053218 0.133980 0.049151
v 1.378302 -0.177169 0.052902
v 1.328665 -0.130297 0.104380
v 1.323172 -0.137848 0.049025
v 1.375129 -0.153590 0.131270
v 1.365373 -0.077992 0.141142
v 1.328665 -0.130297 0.104380
v 1.327180 -0.082640 0.108725
v -0.233599 0.131045 0.023186
v -0.215308 0.186256 -0.000000
v -0.233713 0.186219 0.015460
v -0.206112 0.131765 -0.000000
v -0.215308 0.186256 -0.000000
v -0.233599 0.131045 -0.023186
v -0.233713 0.186219 -0.015460
v -0.206112 0.131765 -0.000000
v 1.004867 0.158780 -0.055133
v 0.969855 0.155311 -0.092933
v 1.005937 0.108291 -0.093728
v 1.004867 0.158780 0.052742
v 1.005937 0.108291 0.086839
v 0.969855 0.155311 0.090542
v 1.747965 0.185511 0.040032
v 1.735782 0.221833 -0.000000
v 1.712512 0.204105 -0.000000
v 1.763263 0.211408 0.029393
v 1.763263 0.211408 -0.029393
v 1.747965 0.185511 -0.040031
v 1.735782 0.221833 -0.000000
v 1.712512 0.204105 -0.000000
v -0.198690 0.295924 0.010442
v -0.187923 0.289714 -0.000000
v -0.168859 0.304976 -0.000000
v -0.197538 0.244963 -0.000000
v -0.216556 0.280645 0.019026
v -0.227639 0.251715 0.025914
v -0.194511 0.275443 -0.000000
v -0.230747 0.200131 0.030764
v -0.197538 0.244963 -0.000000
v -0.194295 0.189862 -0.000000
v -0.085913 -0.090226 0.000553
v -0.152628 -0.033842 0.050474
v -0.092570 -0.090672 0.062442
v -0.152926 -0.022532 0.000553
v -0.197538 0.244963 -0.000000
v -0.230747 0.200131 -0.030763
v -0.227639 0.251715 -0.025913
v -0.194295 0.189862 -0.000000
v -0.197538 0.244963 -0.000000
v -0.216556 0.280645 -0.019026
v -0.194511 0.275443 -0.000000
v -0.152628 -0.033842 -0.058473
v -0.085913 -0.090226 0.000553
v -0.092570 -0.090672 -0.070440
v -0.152926 -0.022532 0.000553
v -0.256794 -0.016770 0.152531
v -0.226013 -0.039605 0.119065
v -0.224691 0.024016 0.115977
v 1.527890 -0.079836 0.099313
v 1.573333 -0.028209 0.119250
v 1.568918 -0.023558 0.092267
v 1.548883 -0.075747 0.149852
v 1.627272 -0.066505 0.165338
v 1.622900 -0.027176 0.128446
v 1.571128 -0.132071 0.000083
v 1.527890 -0.079836 0.099313
v 1.512669 -0.081645 0.000083
v 1.580548 -0.125102 0.093088
v 1.580548 -0.125102 0.093088
v 1.583857 -0.116129 0.120618
v 1.548883 -0.075747 0.149852
v 1.627272 -0.066505 0.165338
v 1.633051 -0.105498 0.130022
v -0.043130 -0.059711 0.088514
v -0.010176 -0.081684 0.121166
v -0.004654 -0.094885 0.106394
v -0.043481 -0.047122 0.096343
v -0.014843 -0.043847 0.123144
v 1.392845 0.176770 -0.000000
v 1.420358 0.170615 0.028195
v 1.405078 0.194522 -0.000000
v 1.424723 0.190129 0.020130
v -0.043122 -0.058484 -0.085725
v -0.004654 -0.094885 -0.103683
v -0.043178 -0.057887 -0.091623
v -0.010224 -0.079859 -0.124275
v -0.043481 -0.047122 -0.098795
v -0.014843 -0.043847 -0.125597
v 1.420358 0.170615 -0.028194
v 1.405078 0.194522 -0.000000
v 1.424723 0.190129 -0.020130
v 1.392845 0.176770 -0.000000
v -0.256794 -0.016770 -0.160531
v -0.224690 0.024016 -0.118945
v -0.226013 -0.039605 -0.127064
v 1.327180 -0.082640 -0.116724
v 1.358699 -0.026518 -0.109745
v 1.365373 -0.077993 -0.149141
v 1.327180 -0.082640 0.108725
v 1.365373 -0.077992 0.141142
v 1.358699 -0.026519 0.106410
v 0.916668 -0.355960 0.011170
v 0.902631 -0.433992 0.011170
v 0.908957 -0.429117 0.067806
v 0.923120 -0.351176 0.063032
v 1.184323 0.254201 0.030764
v 1.142232 0.253375 -0.000000
v 1.162951 0.240250 -0.000000
v 1.181357 0.240287 0.015460
v 1.162951 0.240250 -0.000000
v 1.184323 0.254201 -0.030763
v 1.181357 0.240287 -0.015460
v 1.142232 0.253375 -0.000000
v 0.923120 -0.351176 -0.073390
v 0.908957 -0.429116 -0.079682
v 0.916668 -0.355960 0.011170
v 0.902631 -0.433992 0.011170
v -0.187923 0.289714 -0.000000
v -0.198690 0.295924 -0.010442
v -0.168859 0.304976 -0.000000
v -0.194511 0.275443 -0.000000
v -0.198690 0.295924 -0.010442
v -0.216556 0.280645 -0.019026
v 0.959179 0.187002 -0.045083
v 1.005606 0.133366 -0.037147
v 0.954102 0.186391 -0.002413
v 1.005901 0.122056 -0.002413
v 0.954102 0.186391 -0.002413
v 1.005901 0.122056 -0.002413
v 1.005606 0.133366 0.038658
v 0.959179 0.187002 0.046593
v 1.282359 0.171750 -0.000000
v 1.309845 0.172469 0.027602
v 1.292164 0.195617 -0.000000
v 1.310569 0.195654 0.018405
v 1.309845 0.172469 -0.027602
v 1.292164 0.195617 -0.000000
v 1.310569 0.195654 -0.018405
v 1.282359 0.171750 -0.000000
v -0.044239 0.124882 -0.103423
v -0.082748 0.128208 -0.060527
v -0.081570 0.072671 -0.090760
v -0.198690 0.295924 0.010442
v -0.194511 0.275443 -0.000000
v -0.187923 0.289714 -0.000000
v -0.216556 0.280645 0.019026
v -0.044239 0.124882 0.101033
v -0.081570 0.072671 0.083422
v -0.082748 0.128208 0.058135
v 1.748576 -0.278149 -0.133043
v 1.813201 -0.239399 -0.120926
v 1.790099 -0.295599 -0.173320
v 0.959179 0.187002 0.046593
v 1.005186 0.147620 0.052576
v 0.965111 0.182796 0.084656
v 1.005606 0.133366 0.038658
v 1.005186 0.147620 0.052576
v 0.969855 0.155311 0.090542
v 1.005186 0.147620 -0.057096
v 0.959179 0.187002 -0.045083
v 0.965111 0.182796 -0.089175
v 1.005606 0.133366 -0.037147
v 0.969855 0.155311 -0.092933
v 1.004867 0.158780 -0.055133
v -0.108079 -0.026180 -0.134765
v -0.154767 0.031869 -0.120926
v -0.152790 -0.031292 -0.078717
v -0.100868 -0.082403 0.126748
v -0.092570 -0.090672 0.062442
v -0.152315 -0.048099 0.079148
v -0.152628 -0.033842 0.050474
v -0.152315 -0.048099 0.079148
v -0.108079 -0.026180 0.132373
v -0.152790 -0.031292 0.076326
v -0.108079 -0.026180 0.132373
v -0.154767 0.031869 0.124998
v -0.027648 0.161639 -0.002534
v -0.081934 0.100254 -0.040741
v -0.033365 0.161788 -0.049901
v -0.081610 0.087812 -0.002534
v -0.027648 0.161639 -0.002534
v -0.081934 0.100254 0.042642
v -0.081610 0.087812 -0.002534
v -0.033366 0.161788 0.051801
v -0.092570 -0.090672 -0.070440
v -0.100868 -0.082403 -0.126078
v -0.152315 -0.048099 -0.078479
v -0.152628 -0.033842 -0.058473
v -0.108079 -0.026180 -0.134765
v -0.152315 -0.048099 -0.078479
v -0.152790 -0.031292 -0.078717
v 1.748576 -0.278149 0.130651
v 1.790099 -0.295599 0.170927
v 1.813201 -0.239399 0.124998
v -0.040144 0.156256 0.094385
v -0.082397 0.115932 0.057953
v -0.033366 0.161788 0.051801
v -0.081934 0.100254 0.042642
v -0.082397 0.115932 0.057953
v -0.044239 0.124882 0.101033
v -0.082397 0.115932 -0.062687
v -0.040144 0.156256 -0.099118
v -0.033365 0.161788 -0.049901
v -0.081934 0.100254 -0.040741
v -0.082748 0.128208 -0.060527
v -0.044239 0.124882 -0.103423
v 1.271444 0.208742 -0.000000
v 1.310569 0.195654 0.018405
v 1.313536 0.209568 0.036624
v 1.292164 0.195617 -0.000000
v 1.271444 0.208742 -0.000000
v 1.310569 0.195654 -0.018405
v 1.292164 0.195617 -0.000000
v 1.313536 0.209568 -0.036624
v -0.569682 -0.023406 0.047186
v -0.593923 0.006344 0.041974
v -0.593119 -0.023485 0.068626
v -0.569682 -0.023406 -0.047186
v -0.593120 -0.023485 -0.068626
v -0.593923 0.006344 -0.041973
v 1.162786 -0.355257 -0.131850
v 1.142230 -0.406537 -0.077837
v 1.195812 -0.337433 -0.094047
v 1.135095 -0.407191 -0.076638
v 1.162786 -0.355257 -0.131850
v 1.119079 -0.366708 -0.128468
v 1.129662 -0.407383 -0.056153
v 1.068753 -0.416120 -0.099848
v 1.142230 -0.406537 0.077837
v 1.162786 -0.355257 0.131850
v 1.195812 -0.337434 0.094046
v 1.135095 -0.407191 0.076638
v 1.162786 -0.355257 0.131850
v 1.119079 -0.366708 0.128468
v 1.129662 -0.407383 0.056152
v 1.068753 -0.416120 0.099847
v 1.088226 -0.244457 0.072030
v 1.108675 -0.195390 0.110014
v 1.134482 -0.176823 0.090542
v 1.092223 -0.243544 -0.078262
v 1.134482 -0.176823 -0.090542
v 1.108675 -0.195390 -0.110014
v 1.691391 -0.204672 0.117571
v 1.709993 -0.238433 0.070414
v 1.697841 -0.246089 0.072862
v 1.648828 -0.226159 0.112885
v 1.709993 -0.238433 -0.078413
v 1.691391 -0.204672 -0.125570
v 1.697841 -0.246089 -0.080862
v 1.648828 -0.226159 -0.120884
v -0.226013 -0.039605 -0.127064
v -0.224690 0.024016 -0.118945
v -0.258077 -0.018400 -0.078413
v -0.266996 -0.029659 -0.080862
v -0.226013 -0.039605 -0.127064
v -0.252166 -0.080356 -0.122180
v -0.226013 -0.039605 0.119065
v -0.258077 -0.018400 0.070414
v -0.224691 0.024016 0.115977
v -0.226013 -0.039605 0.119065
v -0.266996 -0.029659 0.072862
v -0.252166 -0.080356 0.114182
v 1.571128 -0.132071 0.000083
v 1.527890 -0.079836 -0.107485
v 1.580548 -0.125102 -0.101260
v 1.512669 -0.081645 0.000083
v -0.648725 -0.034858 0.046144
v -0.668903 -0.007294 0.039794
v -0.668187 -0.034648 0.063940
v 1.690546 0.164279 -0.000000
v 1.733909 0.153767 0.020970
v 1.738340 0.164069 0.047604
v 1.712947 0.153218 -0.000000
v 1.690546 0.164279 -0.000000
v 1.733909 0.153767 -0.020970
v 1.712947 0.153218 -0.000000
v 1.738340 0.164069 -0.047604
v -0.648725 -0.034858 -0.046144
v -0.668187 -0.034648 -0.063939
v -0.668903 -0.007294 -0.039793
v 1.144029 -0.174519 -0.000001
v 1.092223 -0.243544 0.078262
v 1.134482 -0.176823 0.090542
v 1.097980 -0.242229 -0.000001
v 1.092223 -0.243544 -0.078262
v 1.144029 -0.174519 -0.000001
v 1.134482 -0.176823 -0.090542
v 1.097980 -0.242229 -0.000001
v 1.738340 0.164069 0.047604
v 1.712512 0.204105 -0.000000
v 1.690546 0.164279 -0.000000
v 1.747965 0.185511 0.040032
v -0.592077 -0.062168 0.058143
v -0.591309 -0.090672 0.028096
v -0.559830 -0.059372 0.024003
v -0.566603 -0.044365 0.040965
v -0.593119 -0.023485 0.068626
v -0.569682 -0.023406 0.047186
v -0.591309 -0.090672 -0.028096
v -0.592077 -0.062168 -0.058142
v -0.559830 -0.059372 -0.024003
v -0.566603 -0.044365 -0.040965
v -0.593120 -0.023485 -0.068626
v -0.569682 -0.023406 -0.047186
v 1.712512 0.204105 -0.000000
v 1.747965 0.185511 -0.040031
v 1.738340 0.164069 -0.047604
v 1.690546 0.164279 -0.000000
v 1.367442 -0.094299 -0.075269
v 1.323172 -0.137848 -0.057025
v 1.365990 -0.082204 -0.047845
v 1.328665 -0.130297 -0.112379
v 1.323172 -0.137848 0.049025
v 1.367442 -0.094299 0.067270
v 1.365990 -0.082204 0.039845
v 1.328665 -0.130297 0.104380
v 1.327180 -0.082640 0.108725
v 1.365640 -0.080050 0.064998
v 1.367442 -0.094299 0.067270
v 1.328665 -0.130297 0.104380
v 1.328665 -0.130297 -0.112379
v 1.367442 -0.094299 -0.075269
v 1.327180 -0.082640 -0.116724
v 1.365640 -0.080050 -0.072998
v 1.365640 -0.080050 0.064998
v 1.327180 -0.082640 0.108725
v 1.358699 -0.026519 0.106410
v -0.743984 -0.062569 0.064013
v -0.716288 -0.043199 0.044652
v -0.745095 -0.020167 0.064859
v -0.719657 -0.020133 0.044584
v -0.745950 0.012493 0.042043
v -0.745095 -0.020167 0.064859
v -0.745095 -0.020167 -0.064859
v -0.716288 -0.043199 -0.044652
v -0.743984 -0.062569 -0.064012
v -0.719657 -0.020133 -0.044584
v -0.745095 -0.020167 -0.064859
v -0.745950 0.012493 -0.042043
v 1.424723 0.190129 0.020130
v 1.391051 0.207107 -0.000000
v 1.405078 0.194522 -0.000000
v 1.434511 0.196270 0.041201
v 1.365640 -0.080050 -0.072998
v 1.358699 -0.026518 -0.109745
v 1.327180 -0.082640 -0.116724
v 1.391051 0.207107 -0.000000
v 1.424723 0.190129 -0.020130
v 1.405078 0.194522 -0.000000
v 1.434511 0.196270 -0.041200
v -0.667250 -0.070418 0.056141
v -0.666535 -0.097739 0.025646
v -0.638990 -0.069914 0.023086
v -0.645798 -0.054989 0.041198
v -0.667250 -0.070418 0.056141
v -0.645798 -0.054989 0.041198
v -0.668187 -0.034648 0.063940
v -0.648725 -0.034858 0.046144
v -0.666535 -0.097739 -0.025645
v -0.667250 -0.070418 -0.056140
v -0.638990 -0.069914 -0.023086
v -0.645798 -0.054989 -0.041198
v -0.668187 -0.034648 -0.063939
v -0.645798 -0.054989 -0.041198
v -0.667250 -0.070418 -0.056140
v -0.648725 -0.034858 -0.046144
v -0.716288 -0.043199 0.044652
v -0.743984 -0.062569 0.064013
v -0.708813 -0.059766 0.033624
v -0.743163 -0.093920 0.040223
v -0.743984 -0.062569 -0.064012
v -0.708813 -0.059766 -0.033624
v -0.743163 -0.093920 -0.040222
v -0.716288 -0.043199 -0.044652
v -0.591158 -0.096275 -0.000000
v -0.559624 -0.064680 -0.000000
v -0.559830 -0.059372 0.024003
v -0.591309 -0.090672 0.028096
v -0.591309 -0.090672 -0.028096
v -0.559830 -0.059372 -0.024003
v -0.591158 -0.096275 -0.000000
v -0.559624 -0.064680 -0.000000
v -0.859229 -0.029572 0.049565
v -0.881512 -0.000963 0.046022
v -0.880896 -0.030198 0.068258
v -0.859229 -0.029572 -0.049564
v -0.880896 -0.030198 -0.068257
v -0.881512 -0.000963 -0.046021
v 1.317580 -0.138133 -0.000335
v 1.365990 -0.082204 0.039845
v 1.364795 -0.072614 -0.000335
v 1.323172 -0.137848 0.049025
v 1.323172 -0.137848 -0.057025
v 1.317580 -0.138133 -0.000335
v 1.365990 -0.082204 -0.047845
v 1.364795 -0.072614 -0.000335
v -0.251276 -0.090322 -0.061673
v -0.252166 -0.080356 -0.122180
v -0.266996 -0.029659 -0.080862
v -0.259371 -0.020158 -0.051286
v -0.252166 -0.080356 0.114182
v -0.251276 -0.090322 0.053674
v -0.266996 -0.029659 0.072862
v -0.259371 -0.020158 0.043286
v -0.246675 -0.093686 -0.000048
v -0.259371 -0.020158 0.043286
v -0.253356 -0.012593 -0.000048
v -0.259371 -0.020158 -0.051286
v -0.246675 -0.093686 -0.000048
v -0.251276 -0.090322 -0.061673
v -0.253356 -0.012593 -0.000048
v 1.203413 -0.335980 -0.000001
v 1.142230 -0.406537 0.077837
v 1.195812 -0.337434 0.094046
v 1.145547 -0.405775 -0.000001
v 1.142230 -0.406537 -0.077837
v 1.203413 -0.335980 -0.000001
v 1.195812 -0.337433 -0.094047
v 1.145547 -0.405775 -0.000001
v 1.701701 0.132036 -0.000000
v 1.733909 0.153767 0.020970
v 1.712947 0.153218 -0.000000
v 1.734457 0.132894 0.032767
v 1.733909 0.153767 -0.020970
v 1.734457 0.132894 -0.032767
v 1.701701 0.132036 -0.000000
v 1.712947 0.153218 -0.000000
v 1.706598 -0.328986 0.000553
v 1.788280 -0.300238 0.050474
v 1.792633 -0.289795 0.000553
v 1.712448 -0.331942 0.061880
v 1.712448 -0.331942 -0.069880
v 1.706598 -0.328986 0.000553
v 1.788280 -0.300238 -0.058473
v 1.792633 -0.289795 0.000553
v -0.666401 -0.102842 -0.000000
v -0.638809 -0.074811 -0.000000
v -0.638990 -0.069914 0.023086
v -0.666535 -0.097739 0.025646
v -0.666535 -0.097739 -0.025645
v -0.638990 -0.069914 -0.023086
v -0.666401 -0.102842 -0.000000
v -0.638809 -0.074811 -0.000000
v -0.795590 -0.040143 0.044970
v -0.815701 -0.014542 0.043398
v -0.815353 -0.039924 0.064544
v -0.592908 -0.031308 -0.000000
v -0.559830 -0.059372 -0.024003
v -0.592989 -0.028305 -0.016906
v -0.559624 -0.064680 -0.000000
v -0.795590 -0.040143 -0.044970
v -0.815353 -0.039924 -0.064543
v -0.815701 -0.014542 -0.043398
v -0.592908 -0.031308 -0.000000
v -0.559830 -0.059372 0.024003
v -0.559624 -0.064680 -0.000000
v -0.592989 -0.028305 0.016906
v -0.566603 -0.044365 -0.040965
v -0.593035 -0.026617 -0.019910
v -0.592989 -0.028305 -0.016906
v -0.559830 -0.059372 -0.024003
v -0.593093 -0.024481 -0.021458
v -0.569682 -0.023406 -0.047186
v -0.593923 0.006344 -0.041973
v -0.745065 -0.021310 -0.020346
v -0.719657 -0.020133 -0.044584
v -0.745950 0.012493 -0.042043
v -0.559830 -0.059372 0.024003
v -0.592989 -0.028305 0.016906
v -0.566603 -0.044365 0.040965
v -0.593035 -0.026617 0.019910
v -0.593093 -0.024481 0.021458
v -0.569682 -0.023406 0.047186
v -0.593923 0.006344 0.041974
v -0.745065 -0.021310 0.020346
v -0.745950 0.012493 0.042043
v -0.719657 -0.020133 0.044584
v -0.814901 -0.072877 0.054854
v -0.814566 -0.097243 0.027102
v -0.787549 -0.071039 0.023440
v -0.793196 -0.058097 0.039174
v -0.814566 -0.097243 -0.027101
v -0.814901 -0.072877 -0.054853
v -0.787549 -0.071039 -0.023440
v -0.793196 -0.058097 -0.039174
v -0.880095 -0.068226 0.057655
v -0.879494 -0.096776 0.027522
v -0.849050 -0.067281 0.024754
v -0.856173 -0.051339 0.042730
v -0.880095 -0.068226 0.057655
v -0.856173 -0.051339 0.042730
v -0.880896 -0.030198 0.068258
v -0.859229 -0.029572 0.049565
v -0.879494 -0.096776 -0.027521
v -0.880095 -0.068226 -0.057654
v -0.849050 -0.067281 -0.024754
v -0.856173 -0.051339 -0.042730
v -0.667977 -0.042665 -0.018518
v -0.638990 -0.069914 -0.023086
v -0.645798 -0.054989 -0.041198
v -0.668048 -0.039943 -0.023720
v -0.880896 -0.030198 -0.068257
v -0.856173 -0.051339 -0.042730
v -0.880095 -0.068226 -0.057654
v -0.859229 -0.029572 -0.049564
v -0.638990 -0.069914 0.023086
v -0.667977 -0.042665 0.018518
v -0.645798 -0.054989 0.041198
v -0.668048 -0.039943 0.023721
v -0.645798 -0.054989 -0.041198
v -0.648725 -0.034858 -0.046144
v -0.668048 -0.039943 -0.023720
v -0.668153 -0.035935 -0.025670
v -0.648725 -0.034858 -0.046144
v -0.668903 -0.007294 -0.039793
v -0.648725 -0.034858 0.046144
v -0.668048 -0.039943 0.023721
v -0.668153 -0.035935 0.025670
v -0.645798 -0.054989 0.041198
v -0.668903 -0.007294 0.039794
v -0.648725 -0.034858 0.046144
v -0.743003 -0.100054 -0.000000
v -0.708594 -0.065591 -0.000000
v -0.708813 -0.059766 0.033624
v -0.743163 -0.093920 0.040223
v -0.743163 -0.093920 -0.040222
v -0.708813 -0.059766 -0.033624
v -0.743003 -0.100054 -0.000000
v -0.708594 -0.065591 -0.000000
v 1.789176 -0.297845 0.076326
v 1.748576 -0.278149 0.130651
v 1.813201 -0.239399 0.124998
v -0.667887 -0.046087 -0.000000
v -0.638990 -0.069914 0.023086
v -0.638809 -0.074811 -0.000000
v -0.667977 -0.042665 0.018518
v -0.667887 -0.046087 -0.000000
v -0.638990 -0.069914 -0.023086
v -0.667977 -0.042665 -0.018518
v -0.638809 -0.074811 -0.000000
v -0.814901 -0.072877 0.054854
v -0.793196 -0.058097 0.039174
v -0.815353 -0.039924 0.064544
v -0.795590 -0.040143 0.044970
v -0.815353 -0.039924 -0.064543
v -0.793196 -0.058097 -0.039174
v -0.814901 -0.072877 -0.054853
v -0.795590 -0.040143 -0.044970
v -0.744998 -0.023874 -0.021010
v -0.716288 -0.043199 -0.044652
v -0.719657 -0.020133 -0.044584
v -0.745065 -0.021310 -0.020346
v -0.719657 -0.020133 0.044584
v -0.744998 -0.023874 0.021010
v -0.745065 -0.021310 0.020346
v -0.716288 -0.043199 0.044652
v 1.512669 -0.081645 0.000083
v 1.568918 -0.023558 0.092267
v 1.558365 -0.018980 0.000083
v 1.527890 -0.079836 0.099313
v -0.814501 -0.102010 -0.000000
v -0.787436 -0.075567 -0.000000
v -0.787549 -0.071039 0.023440
v -0.814566 -0.097243 0.027102
v 1.527890 -0.079836 -0.107485
v 1.512669 -0.081645 0.000083
v 1.568918 -0.023558 -0.100441
v 1.558365 -0.018980 0.000083
v -0.814566 -0.097243 -0.027101
v -0.787549 -0.071039 -0.023440
v -0.814501 -0.102010 -0.000000
v -0.787436 -0.075567 -0.000000
v -0.744857 -0.029221 -0.000000
v -0.708813 -0.059766 -0.033624
v -0.744946 -0.025858 -0.022179
v -0.708594 -0.065591 -0.000000
v -0.744857 -0.029221 -0.000000
v -0.708813 -0.059766 0.033624
v -0.708594 -0.065591 -0.000000
v -0.744946 -0.025858 0.022179
v -0.716288 -0.043199 -0.044652
v -0.744998 -0.023874 -0.021010
v -0.744946 -0.025858 -0.022179
v -0.708813 -0.059766 -0.033624
v -0.708813 -0.059766 0.033624
v -0.744946 -0.025858 0.022179
v -0.716288 -0.043199 0.044652
v -0.744998 -0.023874 0.021010
v -0.815341 -0.040812 -0.021570
v -0.795590 -0.040143 -0.044970
v -0.815701 -0.014542 -0.043398
v -0.815341 -0.040812 0.021570
v -0.815701 -0.014542 0.043398
v -0.795590 -0.040143 0.044970
v -0.879379 -0.102238 -0.000000
v -0.848870 -0.072674 -0.000000
v -0.849050 -0.067281 0.024754
v -0.879494 -0.096776 0.027522
v -0.879494 -0.096776 -0.027521
v -0.849050 -0.067281 -0.024754
v -0.879379 -0.102238 -0.000000
v -0.848870 -0.072674 -0.000000
v 1.712448 -0.331942 -0.069880
v 1.782734 -0.313377 -0.078479
v 1.722416 -0.327455 -0.124584
v 1.788280 -0.300238 -0.058473
v 1.782734 -0.313377 -0.078479
v 1.748576 -0.278149 -0.133043
v 1.789176 -0.297845 -0.078717
v 1.813201 -0.239399 -0.120926
v 1.712448 -0.331942 0.061880
v 1.782734 -0.313377 0.079148
v 1.788280 -0.300238 0.050474
v 1.722416 -0.327455 0.125254
v 1.782734 -0.313377 0.079148
v 1.748576 -0.278149 0.130651
v 1.789176 -0.297845 0.076326
v 1.722416 -0.327455 -0.124584
v 1.745659 -0.403922 -0.074696
v 1.712448 -0.331942 -0.069880
v 1.756125 -0.378110 -0.157996
v 1.790099 -0.295599 -0.173320
v 1.748576 -0.278149 -0.133043
v -0.880871 -0.031367 -0.024350
v -0.859229 -0.029572 -0.049564
v -0.881512 -0.000963 -0.046021
v -0.880871 -0.031367 0.024350
v -0.881512 -0.000963 0.046022
v -0.859229 -0.029572 0.049565
v 1.745659 -0.403922 0.066697
v 1.722416 -0.327455 0.125254
v 1.712448 -0.331942 0.061880
v 1.756125 -0.378109 0.158664
v 1.790099 -0.295599 0.170927
v 1.748576 -0.278149 0.130651
v -0.815256 -0.046960 -0.000000
v -0.787549 -0.071039 0.023440
v -0.787436 -0.075567 -0.000000
v -0.815293 -0.044347 0.017090
v -0.815256 -0.046960 -0.000000
v -0.787549 -0.071039 -0.023440
v -0.815293 -0.044347 -0.017090
v -0.787436 -0.075567 -0.000000
v 1.648828 -0.226159 -0.120884
v 1.627324 -0.290953 -0.065366
v 1.639663 -0.224372 -0.061186
v 1.647355 -0.278113 -0.149886
v 1.648828 -0.226159 -0.120884
v 1.711746 -0.237322 -0.160531
v 1.691391 -0.204672 -0.125570
v 1.627324 -0.290953 0.057367
v 1.648828 -0.226159 0.112885
v 1.639663 -0.224372 0.053186
v 1.647355 -0.278113 0.141886
v 1.711746 -0.237322 0.152531
v 1.648828 -0.226159 0.112885
v 1.691391 -0.204672 0.117571
v 1.745659 -0.403922 -0.074696
v 1.743572 -0.409146 0.000553
v 1.712448 -0.331942 -0.069880
v 1.706598 -0.328986 0.000553
v 1.743572 -0.409146 0.000553
v 1.712448 -0.331942 0.061880
v 1.706598 -0.328986 0.000553
v 1.745659 -0.403922 0.066697
v -0.793196 -0.058097 -0.039174
v -0.815314 -0.042805 -0.020026
v -0.815293 -0.044347 -0.017090
v -0.787549 -0.071039 -0.023440
v -0.815341 -0.040812 -0.021570
v -0.795590 -0.040143 -0.044970
v -0.787549 -0.071039 0.023440
v -0.815293 -0.044347 0.017090
v -0.793196 -0.058097 0.039174
v -0.815314 -0.042805 0.020026
v -0.815341 -0.040812 0.021570
v -0.795590 -0.040143 0.044970
v -0.880686 -0.040151 -0.000000
v -0.849050 -0.067281 -0.024754
v -0.880756 -0.036847 -0.018202
v -0.848870 -0.072674 -0.000000
v -0.880686 -0.040151 -0.000000
v -0.849050 -0.067281 0.024754
v -0.848870 -0.072674 -0.000000
v -0.880756 -0.036847 0.018203
v -0.880756 -0.036847 -0.018202
v -0.849050 -0.067281 -0.024754
v -0.856173 -0.051339 -0.042730
v -0.880804 -0.034551 -0.022133
v -0.880871 -0.031367 -0.024350
v -0.859229 -0.029572 -0.049564
v -0.849050 -0.067281 0.024754
v -0.880756 -0.036847 0.018203
v -0.856173 -0.051339 0.042730
v -0.880804 -0.034551 0.022133
v -0.880871 -0.031367 0.024350
v -0.859229 -0.029572 0.049565
v 1.627324 -0.290953 -0.065366
v 1.623292 -0.293568 -0.000048
v 1.639663 -0.224372 -0.061186
v 1.637041 -0.219424 -0.000048
v 1.623292 -0.293568 -0.000048
v 1.639663 -0.224372 0.053186
v 1.637041 -0.219424 -0.000048
v 1.627324 -0.290953 0.057367
vn 0.9952 -0.0980 -0.0000
vn 0.9993 -0.0377 -0.0000
vn 0.9952 -0.0981 -0.0000
vn 0.9959 0.0900 -0.0000
vn 0.9887 0.1500 -0.0000
vn -0.9997 -0.0262 -0.0000
vn -0.6157 -0.5653 -0.5490
vn -0.0000 -0.0000 -1.0000
vn 0.0185 -0.7069 -0.7071
vn -0.6300 -0.0165 -0.7764
vn -0.0185 0.7069 -0.7071
vn -0.6097 -0.7926 -0.0000
vn 0.0262 -0.9997 -0.0000
vn -0.6444 0.5323 -0.5490
vn -0.6157 -0.5653 0.5490
vn 0.0185 -0.7069 0.7071
vn -0.0262 0.9997 -0.0000
vn -0.6300 -0.0165 0.7764
vn -0.0000 -0.0000 1.0000
vn -0.6444 0.5323 0.5490
vn -0.0185 0.7069 0.7071
vn -0.6504 0.7596 -0.0000
vn 0.9997 0.0262 -0.0000
vn 0.0023 -0.0896 -0.9960
vn 0.0012 -0.0465 -0.9989
vn 0.0012 -0.0448 -0.9990
vn -0.0012 0.0465 -0.9989
vn -0.0012 0.0448 -0.9990
vn -0.0023 0.0896 -0.9960
vn 0.0012 -0.0465 0.9989
vn 0.0023 -0.0896 0.9960
vn 0.0012 -0.0448 0.9990
vn -0.0012 0.0448 0.9990
vn -0.0012 0.0465 0.9989
vn -0.0023 0.0896 0.9960
vn 0.5639 -0.8259 -0.0000
vn 0.5639 -0.8258 -0.0000
vn -0.5199 -0.8542 -0.0000
vn 0.9215 -0.3883 -0.0000
vn -0.8999 -0.4360 -0.0000
vn -0.0252 0.9612 0.2748
vn -0.0252 0.9612 -0.2748
vn -0.0127 0.4854 -0.8742
vn -0.0127 0.4854 0.8742
vn 0.0136 -0.5191 -0.8546
vn 0.0254 -0.9712 -0.2371
vn 0.0254 -0.9712 0.2371
vn 0.0136 -0.5191 0.8546
vn -0.0215 0.8211 -0.5704
vn -0.0157 0.5978 -0.8015
vn -0.0215 0.8211 0.5704
vn -0.0157 0.5978 0.8015
vn 0.0120 -0.4580 0.8889
vn 0.0120 -0.4580 -0.8889
vn 0.0260 -0.9921 -0.1231
vn 0.0260 -0.9921 0.1231
vn 0.0044 -0.1687 -0.9857
vn -0.0044 0.1687 -0.9857
vn 0.0044 -0.1687 0.9857
vn -0.0044 0.1687 0.9857
vn 0.4554 0.8903 -0.0000
vn 0.8260 0.5637 -0.0000
vn -0.5014 0.8652 -0.0000
vn -0.8543 0.5197 -0.0000
vn -0.0260 0.9921 0.1231
vn -0.0260 0.9921 -0.1231
vn 0.0091 -0.3485 -0.9373
vn -0.0091 0.3485 -0.9373
vn 0.0091 -0.3485 0.9373
vn -0.0091 0.3485 0.9373
vn -0.4554 -0.8903 -0.0000
vn 0.5014 -0.8652 -0.0000
vn 0.8543 -0.5197 -0.0000
vn -0.8260 -0.5637 -0.0000
vn 0.0157 -0.5978 0.8015
vn 0.0157 -0.5978 -0.8015
vn 0.6884 0.7254 -0.0000
vn 0.6883 0.7254 -0.0000
vn 0.7254 -0.6884 -0.0000
vn 0.7254 -0.6883 -0.0000
vn -0.7254 0.6883 -0.0000
vn -0.6884 -0.7254 -0.0000
vn -0.7254 0.6884 -0.0000
vn -0.6883 -0.7254 -0.0000
vn 0.5199 0.8542 -0.0000
vn 0.8999 0.4360 -0.0000
vn -0.5639 0.8259 -0.0000
vn -0.9215 0.3883 -0.0000
vn 0.9780 -0.1858 -0.0947
vn 0.9727 -0.2320 0.0076
vn 0.9808 -0.1709 -0.0939
vn 0.9727 -0.2320 0.0070
vn 0.9771 -0.1853 0.1044
vn 0.9801 -0.1704 0.1016
vn 0.9727 -0.2320 0.0071
vn 0.8461 -0.4143 -0.3353
vn 0.8669 -0.3945 -0.3047
vn 0.8669 -0.3944 -0.3047
vn 0.6336 -0.4586 -0.6231
vn 0.6110 -0.4798 -0.6296
vn 0.8461 -0.4143 0.3353
vn 0.8669 -0.3945 0.3047
vn 0.9780 -0.1858 -0.0948
vn 0.6153 -0.4778 0.6270
vn 0.8669 -0.3944 0.3047
vn 0.6013 -0.4903 0.6309
vn 0.6154 -0.4777 0.6270
vn 0.7660 -0.3122 0.5620
vn 0.6014 -0.4902 0.6309
vn 0.9040 0.4136 -0.1083
vn 0.9281 0.3722 0.0077
vn 0.8952 0.4313 -0.1122
vn 0.9281 0.3722 0.0071
vn 0.9040 0.4132 0.1101
vn 0.8972 0.4280 0.1086
vn -0.7495 0.4860 0.4495
vn -0.7328 0.6407 0.2289
vn -0.7505 0.4712 0.4634
vn -0.7343 0.6471 0.2051
vn -0.7241 0.3259 0.6079
vn -0.7188 0.3405 0.6061
vn -0.7495 0.4860 -0.4494
vn -0.7329 0.6407 -0.2290
vn -0.7343 0.6471 -0.2051
vn -0.7505 0.4712 -0.4634
vn -0.7241 0.3259 -0.6079
vn -0.7188 0.3405 -0.6061
vn 0.4758 -0.4352 -0.7644
vn 0.7019 -0.2346 -0.6725
vn 0.4609 -0.4458 -0.7674
vn -0.7429 0.6695 -0.0000
vn -0.7429 0.6695 -0.0001
vn -0.7328 0.6408 -0.2289
vn -0.7328 0.6408 0.2289
vn -0.7428 0.6695 -0.0000
vn 0.8238 -0.5487 -0.1421
vn 0.8407 -0.4899 -0.2307
vn 0.8378 -0.3067 -0.4518
vn 0.9313 0.1593 -0.3277
vn 0.9358 0.1830 -0.3013
vn 0.8378 -0.3067 0.4517
vn 0.8378 -0.3067 0.4518
vn 0.8407 -0.4906 0.2290
vn 0.8239 -0.5489 0.1409
vn 0.9331 0.1881 0.3066
vn 0.9384 0.2242 0.2630
vn 0.6337 -0.4585 -0.6231
vn 0.6111 -0.4797 -0.6296
vn 0.7895 -0.2741 -0.5492
vn 0.4594 -0.4493 0.7662
vn 0.4371 -0.4642 0.7704
vn 0.6663 -0.2788 0.6916
vn 0.7760 -0.0521 0.6286
vn 0.8016 0.0966 0.5900
vn 0.7742 -0.0594 0.6302
vn -0.6629 -0.7487 -0.0000
vn -0.6431 -0.6543 0.3978
vn -0.6504 -0.6805 0.3375
vn -0.6431 -0.6543 -0.3978
vn -0.6504 -0.6805 -0.3376
vn 0.9384 0.2243 0.2630
vn 0.9331 0.1880 0.3066
vn 0.7742 -0.0595 0.6302
vn 0.6375 -0.0642 0.7678
vn 0.6337 -0.0754 0.7699
vn 0.7046 0.2523 0.6632
vn -0.7454 0.4990 0.4419
vn -0.7241 0.6566 0.2109
vn -0.7463 0.4896 0.4510
vn -0.7250 0.6615 0.1915
vn -0.7188 0.3524 0.5993
vn -0.7120 0.3722 0.5954
vn -0.7454 0.4990 -0.4419
vn -0.7241 0.6566 -0.2109
vn -0.7251 0.6615 -0.1915
vn -0.7463 0.4896 -0.4510
vn -0.7188 0.3524 -0.5993
vn -0.7120 0.3723 -0.5954
vn 0.7699 -0.0542 -0.6359
vn 0.7676 -0.0637 -0.6378
vn 0.8024 0.1510 -0.5774
vn -0.6823 -0.7310 -0.0000
vn -0.6753 -0.6449 0.3579
vn -0.6823 -0.7311 -0.0000
vn -0.6786 -0.6639 0.3143
vn -0.6753 -0.6449 -0.3579
vn -0.6786 -0.6639 -0.3142
vn 0.6420 -0.0615 -0.7643
vn 0.7042 0.3073 -0.6401
vn 0.6404 -0.0667 -0.7651
vn 0.7699 -0.0543 -0.6359
vn 0.9358 0.1831 -0.3013
vn 0.7676 -0.0638 -0.6378
vn -0.7313 0.6820 -0.0000
vn -0.7313 0.6820 -0.0001
vn -0.7241 0.6567 -0.2109
vn -0.7251 0.6615 0.1915
vn -0.7313 0.6820 0.0001
vn -0.6912 0.4097 0.5953
vn -0.6912 0.4097 -0.5953
vn 0.7173 -0.0968 0.6900
vn 0.7266 -0.0639 0.6841
vn 0.7172 -0.0972 0.6901
vn 0.7173 -0.0968 -0.6900
vn 0.7266 -0.0639 -0.6841
vn 0.7172 -0.0972 -0.6901
vn 0.7265 -0.0639 -0.6841
vn -0.6674 -0.3815 0.6396
vn -0.6905 0.1238 0.7127
vn -0.6918 0.0683 0.7189
vn -0.6663 -0.3936 0.6333
vn -0.6753 -0.6448 0.3579
vn -0.6904 0.1238 -0.7127
vn -0.6674 -0.3815 -0.6396
vn -0.6918 0.0682 -0.7189
vn -0.6663 -0.3936 -0.6333
vn -0.6753 -0.6448 -0.3579
vn -0.6786 -0.6639 -0.3143
vn 0.4782 -0.6908 0.5423
vn 0.6375 -0.0643 0.7678
vn 0.4749 -0.7002 0.5332
vn 0.6337 -0.0755 0.7699
vn 0.4749 -0.7002 0.5331
vn 0.3380 -0.9318 0.1320
vn 0.3380 -0.9319 0.1313
vn 0.4699 -0.6969 -0.5417
vn 0.4678 -0.7027 -0.5361
vn 0.4699 -0.6970 -0.5417
vn 0.3404 -0.9300 -0.1386
vn 0.4677 -0.7028 -0.5360
vn 0.3405 -0.9300 -0.1384
vn -0.7418 0.6706 -0.0000
vn -0.7466 0.6161 -0.2512
vn -0.7444 0.5803 -0.3302
vn -0.7444 0.5803 0.3302
vn -0.7466 0.6161 0.2512
vn 0.7712 -0.6365 -0.0008
vn 0.8407 -0.4900 -0.2307
vn 0.7712 -0.6366 -0.0008
vn 0.8239 -0.5489 0.1410
vn 0.8407 -0.4907 0.2290
vn -0.6146 -0.3823 0.6900
vn -0.6227 0.1153 0.7739
vn -0.6244 0.0748 0.7775
vn -0.6137 -0.4107 0.6743
vn -0.6431 -0.6543 0.3979
vn -0.6504 -0.6804 0.3376
vn -0.6227 0.1153 -0.7739
vn -0.6146 -0.3823 -0.6900
vn -0.6244 0.0748 -0.7775
vn -0.6137 -0.4107 -0.6743
vn -0.6431 -0.6543 -0.3979
vn -0.6504 -0.6804 -0.3377
vn -0.6743 -0.7385 -0.0000
vn -0.6682 -0.5994 0.4407
vn -0.6759 -0.6370 0.3707
vn -0.6682 -0.5994 -0.4407
vn -0.6760 -0.6369 -0.3707
vn -0.7093 0.1612 0.6862
vn -0.7321 0.3511 0.5838
vn -0.7445 0.5802 0.3302
vn 0.6467 0.3880 0.6566
vn 0.6467 0.3881 0.6566
vn -0.7321 0.3511 -0.5838
vn -0.7093 0.1612 -0.6862
vn -0.7445 0.5803 -0.3302
vn 0.6467 0.3880 -0.6566
vn 0.6467 0.3881 -0.6566
vn -0.6746 0.4662 0.5723
vn -0.6746 0.4662 -0.5723
vn 0.8273 -0.5618 -0.0000
vn 0.7370 -0.5866 0.3359
vn 0.7599 -0.5862 0.2808
vn 0.7600 -0.5862 -0.2808
vn 0.8273 -0.5617 -0.0000
vn 0.7370 -0.5866 -0.3359
vn -0.6905 0.1239 0.7127
vn -0.6205 0.4969 0.6067
vn -0.6918 0.0683 0.7188
vn -0.6905 0.1239 -0.7127
vn -0.6918 0.0683 -0.7189
vn -0.6205 0.4969 -0.6067
vn 0.7419 0.5450 -0.3906
vn 0.6971 0.6882 -0.2011
vn 0.6583 0.7462 -0.0990
vn -0.6775 -0.7355 -0.0000
vn -0.6627 -0.6483 0.3749
vn -0.6775 -0.7355 0.0001
vn -0.6682 -0.6714 0.3206
vn -0.6627 -0.6483 -0.3749
vn -0.6775 -0.7355 -0.0001
vn -0.6682 -0.6714 -0.3206
vn 0.6970 0.6888 0.1996
vn 0.7419 0.5450 0.3906
vn 0.6583 0.7464 0.0978
vn 0.6588 -0.2622 0.7052
vn 0.7173 -0.0969 0.6900
vn 0.6779 -0.2145 0.7032
vn 0.5495 -0.4490 0.7046
vn 0.4924 -0.5155 0.7013
vn -0.7361 0.6769 -0.0000
vn -0.7261 0.6572 -0.2020
vn -0.7241 0.6512 -0.2271
vn -0.7241 0.6512 0.2271
vn -0.7261 0.6572 0.2020
vn -0.6706 0.1854 0.7183
vn -0.7093 0.1611 0.6862
vn -0.6685 0.2073 0.7143
vn -0.7321 0.3510 0.5838
vn -0.6706 0.1854 -0.7183
vn -0.7093 0.1611 -0.6863
vn -0.7321 0.3510 -0.5838
vn -0.6684 0.2073 -0.7143
vn -0.9801 -0.1600 -0.1171
vn -0.9882 -0.1530 0.0038
vn -0.9803 -0.1599 -0.1156
vn -0.9882 -0.1530 0.0037
vn -0.9799 -0.1597 0.1196
vn -0.9797 -0.1598 0.1210
vn -0.7381 0.4875 0.4664
vn -0.7241 0.6512 0.2272
vn -0.7386 0.4544 0.4979
vn -0.7382 0.4874 -0.4664
vn -0.7386 0.4544 -0.4980
vn -0.7386 0.4544 0.4980
vn -0.7017 0.2675 0.6604
vn -0.7022 0.2657 0.6605
vn -0.7017 0.2675 -0.6604
vn -0.7022 0.2657 -0.6605
vn -0.6100 -0.2598 0.7486
vn -0.6095 -0.1988 0.7675
vn -0.6759 -0.6369 0.3707
vn -0.6100 -0.2598 -0.7486
vn -0.6095 -0.1988 -0.7675
vn -0.6759 -0.6369 -0.3707
vn -0.6227 0.1154 0.7739
vn -0.5512 0.4977 0.6696
vn -0.6244 0.0749 0.7775
vn -0.6228 0.1154 -0.7739
vn -0.6244 0.0749 -0.7775
vn -0.5512 0.4977 -0.6697
vn 0.3456 -0.9384 0.0040
vn 0.3405 -0.9300 -0.1386
vn 0.3456 -0.9384 0.0039
vn -0.6492 -0.3634 0.6682
vn -0.6606 0.1552 0.7345
vn -0.6616 0.1243 0.7395
vn -0.6480 -0.3898 0.6543
vn -0.7405 0.4886 0.4615
vn -0.7299 0.6431 0.2318
vn -0.7410 0.4675 0.4821
vn -0.7315 0.6492 0.2082
vn -0.7070 0.3161 0.6326
vn -0.7046 0.3239 0.6313
vn -0.6606 0.1552 -0.7345
vn -0.6492 -0.3634 -0.6682
vn -0.6616 0.1243 -0.7395
vn -0.6480 -0.3897 -0.6543
vn -0.7405 0.4886 -0.4615
vn -0.7299 0.6431 -0.2318
vn -0.7315 0.6492 -0.2082
vn -0.7410 0.4675 -0.4821
vn -0.7070 0.3161 -0.6326
vn -0.7046 0.3239 -0.6313
vn -0.7410 0.6715 -0.0001
vn -0.7315 0.6493 -0.2082
vn -0.7315 0.6493 0.2082
vn -0.7410 0.6715 0.0001
vn -0.7411 0.6714 0.0001
vn -0.6480 -0.3899 0.6543
vn -0.6627 -0.6482 0.3749
vn -0.6682 -0.6714 0.3207
vn -0.5979 0.2102 0.7735
vn -0.5985 0.1878 0.7788
vn -0.6100 -0.2597 0.7486
vn -0.6480 -0.3899 -0.6543
vn -0.6627 -0.6482 -0.3749
vn -0.6682 -0.6713 -0.3207
vn -0.5979 0.2102 -0.7735
vn -0.5985 0.1879 -0.7788
vn -0.6100 -0.2597 -0.7486
vn 0.7549 -0.6431 -0.1286
vn 0.7655 -0.6435 0.0042
vn 0.7549 -0.6430 -0.1290
vn 0.7655 -0.6435 0.0041
vn 0.7655 -0.6434 0.0041
vn 0.7545 -0.6426 0.1334
vn 0.7546 -0.6426 0.1329
vn 0.6588 -0.2622 -0.7052
vn 0.6779 -0.2145 -0.7032
vn 0.7173 -0.0969 -0.6900
vn 0.5496 -0.4489 -0.7046
vn 0.4924 -0.5155 -0.7013
vn 0.4923 -0.5155 -0.7013
vn 0.5495 -0.4490 -0.7046
vn 0.3789 -0.6261 -0.6815
vn -0.6898 0.3056 0.6564
vn -0.6898 0.3056 -0.6564
vn 0.5611 0.2649 -0.7842
vn 0.7472 -0.3630 -0.5567
vn 0.7511 -0.3815 -0.5388
vn 0.5633 0.2538 -0.7863
vn -0.6725 -0.7401 -0.0000
vn -0.6587 -0.6458 0.3861
vn -0.6725 -0.7401 0.0001
vn -0.6638 -0.6689 0.3345
vn -0.6587 -0.6458 -0.3861
vn -0.6726 -0.7400 -0.0001
vn -0.6638 -0.6689 -0.3345
vn 0.5666 0.2464 0.7863
vn 0.7472 -0.3630 0.5567
vn 0.5701 0.2266 0.7897
vn 0.7511 -0.3815 0.5388
vn 0.7545 -0.6427 0.1334
vn -0.6706 0.1855 0.7183
vn -0.6684 0.2074 0.7143
vn -0.6314 0.4071 0.6600
vn 0.2519 -0.6046 -0.7556
vn 0.5604 -0.5088 -0.6535
vn 0.2407 -0.6067 -0.7576
vn -0.6706 0.1855 -0.7183
vn -0.6314 0.4071 -0.6600
vn -0.6684 0.2074 -0.7143
vn -0.8501 0.0826 -0.5202
vn -0.8498 0.0829 -0.5206
vn -0.3829 0.5421 -0.7480
vn -0.3913 0.5327 -0.7504
vn -0.8500 0.0826 0.5202
vn -0.8498 0.0829 0.5206
vn -0.3968 0.5292 0.7500
vn -0.4115 0.5119 0.7541
vn 0.2228 -0.6184 0.7536
vn 0.1979 -0.6229 0.7568
vn 0.5438 -0.5176 0.6605
vn -0.5979 0.2103 0.7735
vn -0.5677 0.4614 0.6818
vn -0.5985 0.1879 0.7787
vn -0.5979 0.2103 -0.7735
vn -0.5677 0.4614 -0.6818
vn -0.6406 -0.3751 0.6700
vn -0.6618 0.1383 0.7369
vn -0.6630 0.0921 0.7430
vn -0.6394 -0.3955 0.6594
vn -0.6618 0.1383 -0.7369
vn -0.6406 -0.3751 -0.6700
vn -0.6630 0.0921 -0.7429
vn -0.6394 -0.3955 -0.6593
vn -0.6394 -0.3956 0.6593
vn -0.6587 -0.6457 0.3862
vn -0.6638 -0.6689 0.3346
vn -0.6394 -0.3956 -0.6593
vn -0.6587 -0.6457 -0.3862
vn -0.6638 -0.6689 -0.3346
vn -0.7046 0.3240 0.6313
vn -0.6813 0.3927 0.6177
vn -0.7046 0.3240 -0.6313
vn -0.6813 0.3928 -0.6177
vn -0.6606 0.1553 0.7345
vn -0.5932 0.5240 0.6112
vn -0.6606 0.1553 -0.7345
vn -0.5931 0.5240 -0.6112
vn 0.8773 -0.4800 -0.0000
vn 0.7347 -0.4849 0.4745
vn 0.7954 -0.4935 0.3519
vn 0.7954 -0.4934 -0.3519
vn 0.7347 -0.4849 -0.4745
vn 0.7235 0.1192 0.6800
vn 0.7235 0.1192 -0.6800
vn -0.6618 0.1384 0.7368
vn -0.5870 0.5306 0.6115
vn -0.6630 0.0922 0.7429
vn -0.6618 0.1384 -0.7368
vn -0.6630 0.0922 -0.7429
vn -0.5870 0.5306 -0.6115
vn 0.6971 0.6882 -0.2010
vn 0.6032 0.7976 -0.0008
vn 0.6969 0.6888 0.1996
vn 0.7149 0.0051 0.6992
vn 0.6346 -0.3497 0.6892
vn 0.6353 -0.3476 0.6896
vn 0.7152 0.0091 0.6988
vn 0.7149 0.0051 -0.6992
vn 0.6346 -0.3497 -0.6892
vn 0.7152 0.0092 -0.6988
vn 0.6353 -0.3476 -0.6896
vn 0.6830 0.2520 0.6856
vn 0.6831 0.2522 0.6854
vn 0.6830 0.2522 0.6855
vn 0.6830 0.2521 0.6855
vn 0.6830 0.2520 -0.6856
vn 0.6830 0.2521 -0.6855
vn 0.6830 0.2522 -0.6855
vn 0.8996 -0.4240 0.1042
vn 0.9074 -0.4134 0.0762
vn 0.9277 -0.3733 0.0065
vn 0.9277 -0.3732 0.0069
vn 0.9277 -0.3731 0.0069
vn 0.9144 -0.4007 -0.0579
vn 0.9110 -0.4055 -0.0748
vn 0.3942 -0.6951 -0.6012
vn 0.3658 -0.7054 -0.6072
vn 0.5555 -0.6204 -0.5536
vn -0.7993 0.6010 -0.0047
vn -0.7839 0.6023 0.1506
vn -0.7827 0.6023 0.1567
vn -0.7830 0.6048 -0.1453
vn -0.7820 0.6051 -0.1494
vn 0.6108 -0.5642 -0.5554
vn 0.7387 -0.5270 -0.4203
vn 0.8554 -0.4658 0.2266
vn 0.8553 -0.4659 0.2266
vn -0.7398 0.3716 -0.5609
vn -0.7535 0.4214 -0.5047
vn -0.5887 -0.2081 -0.7811
vn -0.5905 -0.1887 -0.7847
vn -0.7354 0.3843 0.5581
vn -0.7473 0.4265 0.5095
vn -0.5949 -0.2078 0.7765
vn -0.5969 -0.1907 0.7793
vn -0.6484 -0.7504 0.1284
vn -0.6997 -0.4781 0.5309
vn -0.6486 -0.7504 0.1272
vn -0.6997 -0.4819 0.5274
vn -0.6367 0.1628 0.7537
vn -0.6372 0.1453 0.7569
vn -0.6502 -0.7477 -0.1350
vn -0.6940 -0.4869 -0.5304
vn -0.6940 -0.4871 -0.5302
vn -0.6503 -0.7478 -0.1341
vn -0.6399 0.1668 -0.7501
vn -0.6405 0.1549 -0.7522
vn 0.7685 0.6398 -0.0049
vn 0.7535 0.6390 0.1550
vn 0.7521 0.6388 0.1619
vn 0.7514 0.6416 -0.1544
vn 0.7525 0.6414 -0.1497
vn 0.6301 -0.3123 0.7109
vn 0.6345 -0.2984 0.7130
vn 0.6287 -0.3167 0.7102
vn 0.6287 -0.3167 -0.7102
vn 0.6345 -0.2984 -0.7130
vn 0.6301 -0.3123 -0.7109
vn 0.6035 -0.3734 0.7046
vn 0.6816 -0.1850 0.7079
vn 0.5555 -0.4468 0.7013
vn 0.6923 -0.1414 0.7076
vn 0.4609 -0.4258 0.7786
vn 0.6398 -0.3394 0.6895
vn 0.4733 -0.4208 0.7739
vn 0.4609 -0.4258 -0.7786
vn 0.4733 -0.4207 -0.7739
vn 0.6398 -0.3394 -0.6895
vn 0.0838 0.6625 -0.7443
vn 0.4130 0.6471 -0.6409
vn 0.1010 0.6637 -0.7412
vn 0.6066 -0.3646 0.7065
vn 0.5936 -0.3870 0.7056
vn 0.5936 -0.3869 -0.7056
vn 0.6066 -0.3646 -0.7065
vn 0.5696 0.8157 -0.1012
vn 0.7209 0.6065 0.3354
vn 0.7171 0.6186 0.3210
vn 0.5814 0.8072 -0.1021
vn 0.6827 0.3137 0.6599
vn 0.7171 0.6187 0.3210
vn 0.6833 0.3113 0.6604
vn 0.6826 0.3138 0.6599
vn 0.6211 0.4967 0.6063
vn 0.6833 0.3114 0.6604
vn 0.5842 -0.1313 -0.8009
vn 0.7140 0.4028 -0.5727
vn 0.5848 -0.1000 -0.8050
vn 0.7276 0.4582 -0.5105
vn 0.7524 0.6414 -0.1497
vn 0.7209 0.6065 -0.3354
vn 0.5687 0.8152 0.1096
vn 0.7171 0.6186 -0.3210
vn 0.5805 0.8065 0.1125
vn 0.7171 0.6187 -0.3210
vn 0.6744 0.3374 -0.6567
vn 0.6774 0.3268 -0.6590
vn 0.6744 0.3375 -0.6567
vn 0.6774 0.3269 -0.6590
vn 0.5981 0.5374 -0.5945
vn 0.5555 -0.4468 -0.7013
vn 0.6034 -0.3734 -0.7046
vn 0.4573 -0.5712 -0.6816
vn 0.6816 -0.1850 -0.7079
vn 0.6035 -0.3734 -0.7046
vn 0.6923 -0.1414 -0.7076
vn 0.7152 0.0091 -0.6988
vn 0.5897 -0.1359 0.7961
vn 0.7092 0.4151 0.5698
vn 0.7213 0.4626 0.5155
vn 0.5913 -0.1040 0.7997
vn 0.7534 0.6390 0.1550
vn 0.3487 -0.4984 0.7937
vn 0.2426 -0.5336 0.8102
vn 0.7346 -0.4849 0.4745
vn 0.7954 -0.4935 0.3520
vn 0.7346 -0.4849 -0.4746
vn 0.3487 -0.4984 -0.7937
vn 0.2425 -0.5336 -0.8102
vn 0.0388 0.6675 0.7436
vn 0.0700 0.6697 0.7393
vn 0.3951 0.6515 0.6477
vn -0.6586 -0.7525 0.0038
vn -0.5843 0.2538 0.7708
vn -0.4862 0.4960 0.7194
vn -0.5856 0.2480 0.7718
vn -0.4485 0.5519 0.7030
vn -0.4485 0.5518 -0.7031
vn -0.5843 0.2538 -0.7708
vn -0.4862 0.4960 -0.7194
vn -0.5856 0.2480 -0.7718
vn 0.8873 -0.4612 -0.0000
vn 0.8866 -0.4610 0.0372
vn 0.8867 -0.4609 0.0372
vn 0.8867 -0.4609 -0.0372
vn 0.8866 -0.4610 -0.0372
vn 0.7599 -0.5862 0.2809
vn 0.3260 -0.6655 0.6714
vn 0.3844 -0.6492 0.6563
vn 0.3259 -0.6655 0.6714
vn 0.3844 -0.6492 0.6564
vn -0.1748 -0.7363 0.6536
vn -0.2483 -0.7362 0.6296
vn -0.2484 -0.7362 0.6296
vn -0.1749 -0.7363 0.6536
vn -0.5658 -0.6773 0.4703
vn 0.7599 -0.5862 -0.2808
vn 0.3260 -0.6655 -0.6714
vn 0.3845 -0.6492 -0.6563
vn -0.1748 -0.7363 -0.6536
vn 0.3844 -0.6492 -0.6564
vn 0.3259 -0.6655 -0.6714
vn -0.2483 -0.7362 -0.6296
vn -0.2484 -0.7362 -0.6296
vn -0.5658 -0.6773 -0.4703
vn -0.1749 -0.7363 -0.6536
vn 0.6248 0.2303 0.7461
vn 0.6245 0.2307 0.7462
vn 0.6246 0.2305 0.7462
vn 0.6245 0.2307 -0.7462
vn 0.6248 0.2303 -0.7461
vn 0.6246 0.2305 -0.7462
vn -0.5821 -0.3537 0.7322
vn -0.6416 0.1041 0.7599
vn -0.6417 0.1040 0.7599
vn -0.5830 -0.3505 0.7330
vn -0.6417 0.1040 -0.7599
vn -0.5821 -0.3537 -0.7322
vn -0.5829 -0.3505 -0.7330
vn -0.6416 0.1041 -0.7599
vn 0.4636 -0.5545 0.6911
vn 0.3483 -0.6095 0.7122
vn 0.7394 -0.3548 0.5721
vn 0.4636 -0.5545 -0.6911
vn 0.7394 -0.3548 -0.5721
vn 0.3483 -0.6095 -0.7122
vn 0.5814 0.8072 -0.1020
vn 0.6213 0.7835 0.0081
vn 0.6213 0.7835 0.0074
vn 0.5688 0.8152 0.1096
vn 0.6213 0.7835 0.0075
vn -0.6881 0.7174 0.1093
vn -0.8083 0.5006 -0.3101
vn -0.6994 0.7060 0.1110
vn -0.8113 0.4815 -0.3317
vn -0.8082 0.5006 -0.3101
vn -0.8113 0.4814 -0.3317
vn -0.7304 0.2210 -0.6462
vn -0.7312 0.2145 -0.6476
vn -0.5972 -0.1792 0.7818
vn -0.5856 0.2479 0.7718
vn -0.5974 -0.1773 0.7821
vn -0.5844 0.2537 0.7708
vn 0.5701 0.2267 0.7897
vn 0.4850 0.5315 0.6945
vn -0.6371 0.1454 0.7569
vn -0.6368 0.1628 0.7537
vn -0.5933 0.4737 0.6509
vn -0.5844 0.2537 -0.7708
vn -0.5972 -0.1792 -0.7818
vn -0.5856 0.2479 -0.7718
vn -0.5974 -0.1773 -0.7821
vn 0.4152 -0.4924 0.7650
vn 0.6056 -0.4372 0.6649
vn 0.4228 -0.4908 0.7618
vn 0.4152 -0.4924 -0.7650
vn 0.4228 -0.4908 -0.7618
vn 0.6056 -0.4372 -0.6649
vn -0.6405 0.1550 -0.7522
vn -0.5745 0.5243 -0.6286
vn 0.6516 0.0052 0.7585
vn 0.6290 -0.1308 0.7663
vn 0.6518 0.0067 0.7584
vn 0.6198 -0.1684 0.7665
vn 0.5698 -0.3479 0.7445
vn 0.6516 0.0053 0.7585
vn 0.6518 0.0068 0.7584
vn 0.5817 -0.3137 0.7505
vn -0.6851 0.7196 -0.1131
vn -0.7360 0.6770 0.0078
vn -0.6993 0.7064 -0.1091
vn -0.7360 0.6770 0.0072
vn -0.7964 0.5410 0.2702
vn -0.6851 0.7197 -0.1131
vn -0.8029 0.5093 0.3098
vn -0.8029 0.5093 0.3099
vn -0.7964 0.5411 0.2702
vn -0.7355 0.2263 0.6386
vn -0.7361 0.2209 0.6398
vn -0.7361 0.2210 0.6398
vn -0.7079 0.3770 0.5973
vn -0.7355 0.2264 0.6386
vn 0.6516 0.0053 -0.7585
vn 0.5698 -0.3479 -0.7445
vn 0.6518 0.0068 -0.7584
vn 0.5817 -0.3136 -0.7505
vn 0.6516 0.0052 -0.7585
vn 0.6517 0.0067 -0.7584
vn 0.6290 -0.1308 -0.7663
vn 0.6198 -0.1684 -0.7665
vn -0.6994 0.7060 0.1109
vn -0.6881 0.7173 0.1093
vn 0.5611 0.2650 -0.7842
vn 0.4615 0.5761 -0.6746
vn -0.6663 -0.3531 0.6568
vn -0.6726 -0.6701 0.3140
vn -0.6732 -0.6806 0.2890
vn -0.6662 -0.3057 0.6803
vn -0.6753 -0.3234 -0.6629
vn -0.6760 -0.3707 -0.6369
vn -0.6708 -0.6836 -0.2876
vn -0.6711 -0.6907 -0.2693
vn 0.5041 -0.4995 0.7046
vn 0.4408 -0.5602 0.7013
vn 0.6065 -0.3647 0.7065
vn -0.2569 0.7378 0.6242
vn -0.4862 0.4961 0.7194
vn -0.1893 0.7746 0.6035
vn -0.6663 -0.3530 0.6568
vn -0.6498 0.1690 0.7410
vn -0.6662 -0.3056 0.6803
vn -0.6501 0.1555 0.7438
vn -0.6483 0.1736 -0.7413
vn -0.6752 -0.3234 -0.6629
vn -0.6485 0.1614 -0.7439
vn -0.6760 -0.3706 -0.6370
vn -0.6014 -0.1159 -0.7905
vn -0.6014 -0.0728 -0.7956
vn -0.6014 -0.0729 -0.7956
vn -0.6014 -0.1160 -0.7905
vn -0.5853 -0.3216 -0.7443
vn -0.1001 -0.8259 0.5549
vn 0.1565 -0.7770 0.6098
vn 0.1299 -0.7787 0.6138
vn -0.0258 -0.8083 0.5882
vn 0.1299 -0.7787 -0.6138
vn -0.0258 -0.8083 -0.5882
vn 0.1565 -0.7769 -0.6098
vn -0.1001 -0.8259 -0.5549
vn -0.7839 0.6023 0.1507
vn -0.6062 -0.1246 0.7855
vn -0.6082 -0.0756 0.7902
vn -0.6082 -0.0757 0.7902
vn -0.5699 -0.3823 0.7274
vn -0.6062 -0.1247 0.7855
vn -0.6712 -0.6907 -0.2692
vn -0.6612 -0.7502 -0.0016
vn -0.6708 -0.6836 -0.2874
vn -0.6612 -0.7502 -0.0017
vn -0.6726 -0.6702 0.3139
vn -0.6732 -0.6807 0.2890
vn 0.5871 -0.1012 -0.8031
vn 0.5868 -0.0645 -0.8072
vn 0.5924 -0.1085 0.7983
vn 0.7093 0.4151 0.5698
vn 0.7213 0.4625 0.5155
vn 0.5935 -0.0685 0.8019
vn -0.1892 0.7746 -0.6035
vn -0.2569 0.7378 -0.6242
vn -0.0581 0.8305 -0.5539
vn -0.1893 0.7746 -0.6035
vn -0.4485 0.5519 -0.7030
vn -0.4861 0.4961 -0.7194
vn -0.6485 0.1615 -0.7439
vn -0.6139 0.4526 -0.6467
vn -0.6483 0.1737 -0.7413
vn -0.6501 0.1556 0.7438
vn -0.6498 0.1691 0.7410
vn -0.6139 0.4526 0.6467
vn -0.6485 -0.7294 -0.2177
vn -0.7037 -0.4224 -0.5713
vn -0.7036 -0.4431 -0.5555
vn -0.6480 -0.7282 -0.2232
vn -0.6474 0.1795 -0.7407
vn -0.6477 0.1703 -0.7426
vn -0.6468 -0.7270 0.2303
vn -0.6998 -0.4493 0.5554
vn -0.6465 -0.7259 0.2348
vn -0.6996 -0.4590 0.5476
vn -0.6570 0.1475 0.7393
vn -0.6575 0.1252 0.7430
vn -0.7312 0.2146 -0.6476
vn -0.7304 0.2211 -0.6462
vn -0.6900 0.4282 -0.5836
vn 0.3439 -0.5986 0.7235
vn 0.2112 -0.6358 0.7424
vn 0.6600 -0.4444 0.6057
vn 0.3439 -0.5986 -0.7235
vn 0.6600 -0.4444 -0.6057
vn 0.2112 -0.6358 -0.7424
vn 0.3392 -0.7080 0.6194
vn 0.5416 -0.6289 0.5579
vn 0.3241 -0.7123 0.6226
vn 0.1685 -0.7449 0.6456
vn 0.3391 -0.7081 0.6194
vn 0.3240 -0.7123 0.6226
vn 0.1686 -0.7448 0.6456
vn -0.6613 -0.7500 0.0107
vn -0.6613 -0.7500 0.0124
vn -0.0850 0.8268 0.5561
vn -0.0217 0.8417 0.5396
vn 0.1363 0.8622 0.4879
vn -0.5955 -0.1637 -0.7865
vn -0.5974 -0.1273 -0.7918
vn -0.7496 0.6497 0.1266
vn -0.7419 0.6705 0.0003
vn -0.7490 0.6537 0.1080
vn -0.7496 0.6563 -0.0857
vn -0.7523 0.6455 -0.1320
vn -0.6009 -0.1678 0.7815
vn -0.6039 -0.1302 0.7863
vn 0.4408 -0.5603 -0.7013
vn 0.5040 -0.4995 -0.7046
vn 0.3172 -0.6594 -0.6816
vn 0.5936 -0.3870 -0.7056
vn 0.5041 -0.4995 -0.7046
vn 0.4409 -0.5602 -0.7013
vn 0.6065 -0.3646 -0.7065
vn -0.7639 -0.6453 -0.0098
vn -0.7640 -0.6452 -0.0082
vn -0.7261 -0.6704 0.1527
vn -0.7076 -0.6864 0.1678
vn -0.7123 -0.6837 -0.1585
vn -0.7262 -0.6699 -0.1543
vn -0.7639 -0.6452 -0.0098
vn -0.7640 -0.6452 -0.0083
vn -0.6570 0.1476 0.7393
vn -0.6148 0.4501 0.6477
vn -0.6088 0.4676 -0.6408
vn -0.7712 0.4460 0.4542
vn -0.7713 0.4475 0.4527
vn 0.1550 0.7594 0.6319
vn 0.3846 0.7308 0.5639
vn 0.1670 0.7590 0.6293
vn -0.7700 0.4456 -0.4567
vn -0.7695 0.4324 -0.4701
vn 0.1133 -0.5590 0.8214
vn 0.4151 -0.4924 0.7650
vn 0.0095 -0.5791 0.8152
vn -0.7075 -0.6865 0.1678
vn -0.7216 -0.6923 -0.0078
vn -0.7477 -0.6448 -0.1588
vn -0.7262 -0.6704 0.1527
vn -0.6989 -0.3695 -0.6124
vn 0.1888 -0.4165 -0.8893
vn 0.2596 -0.4465 -0.8563
vn -0.0862 -0.5468 -0.8328
vn -0.2206 -0.6386 -0.7372
vn 0.2596 -0.4466 -0.8563
vn 0.4733 -0.4208 -0.7739
vn 0.1889 -0.4165 -0.8893
vn -0.3961 -0.8370 -0.3776
vn -0.3947 -0.8855 -0.2451
vn -0.2207 -0.6386 -0.7372
vn 0.0095 -0.5791 -0.8152
vn 0.1133 -0.5590 -0.8214
vn 0.4151 -0.4924 -0.7650
vn 0.4923 -0.5155 0.7013
vn 0.3789 -0.6260 0.6816
vn 0.1173 -0.5450 0.8302
vn -0.1624 -0.6851 0.7101
vn 0.2137 -0.5155 0.8298
vn -0.2445 -0.7313 0.6367
vn 0.1174 -0.5450 0.8302
vn 0.2137 -0.5156 0.8298
vn -0.3875 -0.8643 0.3206
vn -0.1625 -0.6851 0.7101
vn -0.2446 -0.7313 0.6367
vn -0.3874 -0.8910 0.2365
vn 0.5479 -0.3422 0.7634
vn 0.6198 -0.1685 0.7665
vn 0.5054 -0.4079 0.7604
vn -0.7553 -0.6497 0.0865
vn -0.7123 -0.6838 -0.1585
vn -0.7775 -0.5914 0.2141
vn -0.6952 -0.3078 0.6496
vn -0.6932 -0.3121 0.6497
vn 0.0552 -0.6768 0.7341
vn 0.3368 -0.5756 0.7451
vn 0.1616 -0.6506 0.7420
vn 0.0250 -0.6902 0.7232
vn 0.1616 -0.6506 -0.7420
vn 0.0250 -0.6902 -0.7231
vn 0.3368 -0.5755 -0.7452
vn 0.0552 -0.6768 -0.7341
vn 0.5787 -0.1761 -0.7963
vn 0.5797 -0.1612 -0.7988
vn 0.5849 -0.1761 0.7917
vn 0.5860 -0.1643 0.7935
vn -0.6547 -0.3433 -0.6734
vn -0.6552 -0.3891 -0.6475
vn -0.6595 -0.6796 -0.3213
vn -0.6613 -0.6923 -0.2888
vn -0.6374 0.1572 -0.7543
vn -0.6547 -0.3432 -0.6734
vn -0.6377 0.1370 -0.7580
vn -0.6553 -0.3890 -0.6475
vn -0.6537 -0.4047 0.6395
vn -0.6587 -0.6782 0.3258
vn -0.6604 -0.6911 0.2936
vn -0.6536 -0.3694 0.6606
vn -0.6536 -0.4046 0.6396
vn -0.6460 0.1272 0.7526
vn -0.6536 -0.3693 0.6606
vn -0.6465 0.0936 0.7572
vn 0.7927 -0.6096 -0.0097
vn 0.7554 -0.6374 0.1517
vn 0.7927 -0.6096 -0.0081
vn 0.7374 -0.6546 0.1664
vn 0.7555 -0.6369 -0.1534
vn 0.7420 -0.6516 -0.1575
vn 0.7927 -0.6096 -0.0082
vn -0.7713 0.4474 0.4527
vn -0.6757 0.2468 0.6946
vn -0.6712 0.2575 0.6951
vn -0.7712 0.4459 0.4542
vn -0.6756 0.2504 -0.6935
vn -0.6710 0.2609 -0.6941
vn -0.7695 0.4323 -0.4701
vn -0.7419 0.6705 -0.0022
vn -0.7258 0.6849 -0.0647
vn -0.7261 0.6846 -0.0641
vn -0.7419 0.6705 -0.0019
vn -0.7257 0.6849 -0.0647
vn -0.8017 0.4455 -0.3985
vn -0.8025 0.4372 -0.4061
vn -0.8025 0.4371 -0.4061
vn -0.7415 0.2600 -0.6185
vn -0.7451 0.2378 -0.6231
vn -0.2569 0.7379 0.6242
vn -0.1892 0.7746 0.6035
vn -0.0581 0.8305 0.5539
vn -0.8133 0.3912 0.4307
vn -0.7256 0.6852 0.0627
vn -0.7261 0.6848 0.0618
vn -0.8121 0.4091 0.4161
vn -0.8121 0.4091 0.4162
vn -0.7441 0.1975 0.6382
vn -0.7443 0.1961 0.6385
vn -0.6980 -0.3666 -0.6151
vn -0.6817 -0.3151 -0.6603
vn -0.6614 -0.7500 0.0045
vn -0.6595 -0.6796 -0.3212
vn -0.6614 -0.7500 0.0049
vn -0.6587 -0.6783 0.3258
vn -0.6604 -0.6912 0.2934
vn -0.5886 -0.2082 -0.7811
vn -0.5151 -0.5411 -0.6647
vn 0.7764 -0.6100 -0.1585
vn 0.7521 -0.6589 -0.0107
vn 0.7521 -0.6590 -0.0106
vn 0.7018 -0.3901 -0.5960
vn 0.7830 -0.6161 0.0858
vn 0.8030 -0.5576 0.2104
vn 0.7555 -0.6369 -0.1535
vn 0.7001 -0.3365 0.6298
vn 0.6986 -0.3401 0.6295
vn 0.5842 -0.1314 -0.8009
vn 0.5848 -0.1001 -0.8050
vn 0.5532 -0.4017 -0.7298
vn -0.7257 0.6852 0.0627
vn -0.1637 0.8148 0.5561
vn -0.1022 0.8357 0.5396
vn 0.0532 0.8713 0.4878
vn -0.7993 0.6009 -0.0047
vn -0.6460 0.1273 0.7526
vn -0.6036 0.4424 0.6633
vn -0.6932 -0.3122 0.6497
vn -0.6651 -0.3679 0.6498
vn -0.6377 0.1371 -0.7580
vn -0.5980 0.4597 -0.6565
vn -0.6374 0.1573 -0.7543
vn -0.5969 -0.1908 0.7793
vn -0.4964 -0.5834 0.6428
vn -0.5949 -0.2079 0.7765
vn 0.5053 -0.4080 -0.7604
vn 0.5478 -0.3422 -0.7634
vn 0.4186 -0.5228 -0.7426
vn 0.5054 -0.4079 -0.7604
vn 0.6198 -0.1685 -0.7665
vn 0.5479 -0.3422 -0.7634
vn 0.5366 -0.4569 0.7094
vn 0.5913 -0.1041 0.7997
vn -0.5881 -0.2110 -0.7808
vn -0.5899 -0.1933 -0.7840
vn -0.5944 -0.2105 0.7761
vn -0.5963 -0.1951 0.7787
vn 0.2492 -0.7395 -0.6253
vn 0.3657 -0.7054 -0.6072
vn 0.2493 -0.7395 -0.6253
vn 0.2425 -0.5336 0.8102
vn 0.3486 -0.4984 0.7938
vn -0.1180 -0.6388 0.7603
vn -0.1135 -0.6374 0.7621
vn -0.1180 -0.6388 -0.7603
vn 0.3487 -0.4984 -0.7938
vn -0.1135 -0.6374 -0.7621
vn -0.6945 0.4472 0.5637
vn -0.6032 0.3951 0.6929
vn -0.6712 0.2576 0.6951
vn -0.6710 0.2610 -0.6940
vn -0.6032 0.3952 -0.6928
vn -0.7451 0.2379 -0.6231
vn -0.7415 0.2601 -0.6185
vn -0.6883 0.4623 -0.5591
vn -0.0582 0.8305 0.5540
vn 0.5668 0.8238 -0.0000
vn 0.4882 0.8004 0.3479
vn 0.4497 0.7764 0.4416
vn 0.4882 0.8004 -0.3479
vn 0.4497 0.7764 -0.4416
vn -0.7216 -0.6922 -0.0078
vn -0.7262 -0.6703 0.1527
vn -0.6635 -0.4558 -0.5933
vn 0.5872 -0.1013 -0.8031
vn 0.5868 -0.0646 -0.8072
vn 0.5713 -0.3297 -0.7516
vn -0.4114 0.5119 0.7541
vn -0.1803 0.7314 0.6577
vn -0.7262 -0.6699 -0.1544
vn -0.6636 -0.4025 0.6306
vn -0.6689 -0.3900 0.6328
vn 0.0800 -0.6650 -0.7426
vn 0.1595 -0.6131 -0.7737
vn 0.6109 -0.5642 -0.5554
vn 0.7386 -0.5270 -0.4203
vn 0.3482 -0.6095 -0.7122
vn 0.4636 -0.5546 -0.6910
vn -0.5841 -0.8117 -0.0000
vn -0.5039 -0.8077 0.3061
vn -0.4764 -0.7973 0.3705
vn -0.5039 -0.8077 -0.3061
vn -0.4764 -0.7973 -0.3705
vn 0.6034 -0.3734 0.7046
vn 0.4573 -0.5712 0.6816
vn 0.7018 -0.3902 -0.5960
vn 0.6630 -0.4093 -0.6269
vn 0.7036 -0.3892 -0.5945
vn 0.5838 -0.1347 -0.8006
vn 0.5846 -0.1042 -0.8046
vn -0.0100 -0.8468 -0.5318
vn 0.4757 -0.4352 -0.7644
vn 0.4608 -0.4458 -0.7674
vn -0.0149 -0.8502 -0.5262
vn -0.2641 -0.9569 -0.1204
vn -0.2641 -0.9571 -0.1194
vn 0.5894 -0.1389 0.7958
vn 0.5911 -0.1081 0.7993
vn 0.4593 -0.4494 0.7662
vn -0.0099 -0.8469 0.5317
vn -0.0149 -0.8502 0.5262
vn -0.2640 -0.9565 0.1244
vn -0.2638 -0.9566 0.1235
vn -0.3947 -0.8856 -0.2450
vn -0.3799 -0.9249 0.0133
vn -0.3799 -0.9249 0.0132
vn -0.3961 -0.8370 -0.3775
vn -0.3874 -0.8911 0.2365
vn -0.3875 -0.8644 0.3205
vn 0.5924 -0.1086 0.7983
vn 0.5563 -0.3904 0.7336
vn 0.5935 -0.0686 0.8019
vn 0.6425 0.7663 -0.0000
vn 0.5764 0.7676 0.2803
vn 0.5566 0.7623 0.3302
vn 0.7000 -0.3366 0.6298
vn 0.6446 -0.4557 0.6139
vn 0.5764 0.7676 -0.2802
vn 0.5567 0.7623 -0.3302
vn 0.4108 -0.6006 0.6859
vn -0.0800 -0.7089 0.7007
vn 0.4769 -0.5759 0.6640
vn -0.1333 -0.7141 0.6872
vn 0.4109 -0.6006 0.6859
vn 0.4770 -0.5759 0.6640
vn 0.7669 -0.4043 0.4984
vn -0.4764 -0.7973 0.3706
vn -0.1334 -0.7141 0.6872
vn -0.5039 -0.8077 0.3062
vn -0.0801 -0.7089 0.7007
vn -0.7492 0.6457 0.1474
vn -0.7419 0.6705 -0.0008
vn -0.7493 0.6424 0.1611
vn -0.7492 0.6422 -0.1619
vn -0.7492 0.6456 -0.1478
vn 0.4108 -0.6006 -0.6859
vn -0.0800 -0.7089 -0.7007
vn -0.1333 -0.7141 -0.6872
vn 0.4769 -0.5759 -0.6640
vn 0.4109 -0.6006 -0.6859
vn 0.7669 -0.4043 -0.4985
vn 0.4770 -0.5759 -0.6640
vn -0.4764 -0.7973 -0.3706
vn -0.1334 -0.7141 -0.6872
vn -0.0801 -0.7090 -0.7007
vn -0.5039 -0.8077 -0.3062
vn -0.2687 0.7865 0.5561
vn -0.2104 0.8152 0.5396
vn -0.0610 0.8708 0.4878
vn 0.7927 -0.6096 -0.0083
vn -0.5972 -0.1793 0.7818
vn -0.5974 -0.1774 0.7821
vn -0.5820 -0.3538 0.7322
vn -0.5829 -0.3505 0.7330
vn -0.3912 0.5328 -0.7504
vn -0.1363 0.7578 -0.6381
vn -0.3829 0.5422 -0.7480
vn -0.5820 -0.3538 -0.7322
vn -0.5972 -0.1793 -0.7818
vn -0.5830 -0.3505 -0.7330
vn -0.5974 -0.1774 -0.7820
vn 0.0094 -0.5791 0.8152
vn -0.3172 -0.7958 0.5159
vn -0.3803 -0.8440 0.3782
vn -0.3172 -0.7958 -0.5159
vn -0.3803 -0.8440 -0.3782
vn 0.0094 -0.5791 -0.8152
vn -0.7814 0.3256 0.5324
vn -0.7492 0.6457 0.1475
vn -0.7492 0.6424 0.1612
vn -0.7806 0.3941 0.4851
vn -0.7814 0.3255 0.5324
vn -0.7291 0.2284 0.6451
vn -0.7302 0.2191 0.6472
vn -0.5955 -0.1638 -0.7865
vn -0.5546 -0.4337 -0.7101
vn 0.2656 0.9595 -0.0944
vn 0.0149 0.9494 0.3137
vn -0.0070 0.9406 0.3394
vn 0.2513 0.9632 -0.0952
vn 0.2657 0.9586 0.1022
vn 0.0149 0.9494 -0.3137
vn 0.2514 0.9622 0.1050
vn -0.0070 0.9406 -0.3394
vn -0.7492 0.6456 -0.1479
vn -0.7757 0.3782 -0.5053
vn -0.7492 0.6422 -0.1621
vn -0.7744 0.4188 -0.4742
vn -0.7260 0.2859 -0.6255
vn -0.7304 0.2622 -0.6307
vn -0.7304 0.2623 -0.6307
vn -0.7259 0.2859 -0.6255
vn -0.6792 0.4557 -0.5754
vn 0.2249 0.7600 -0.6098
vn 0.1979 0.7628 -0.6156
vn 0.0740 0.7684 -0.6357
vn 0.4001 0.7260 -0.5594
vn 0.7764 -0.6100 -0.1586
vn 0.6913 -0.4165 -0.5904
vn 0.6913 -0.4166 -0.5904
vn 0.6408 -0.4644 -0.6113
vn 0.6961 -0.4117 -0.5882
vn -0.0679 0.9924 0.1022
vn -0.3014 0.9004 -0.3137
vn -0.0826 0.9910 0.1051
vn -0.3192 0.8849 -0.3394
vn -0.3192 0.8848 -0.3394
vn -0.4069 0.6542 -0.6376
vn -0.4174 0.6445 -0.6407
vn -0.0683 0.9932 -0.0944
vn -0.3014 0.9004 0.3137
vn -0.3192 0.8849 0.3394
vn -0.0830 0.9920 -0.0952
vn -0.4270 0.6374 0.6414
vn -0.3192 0.8848 0.3394
vn -0.4301 0.6344 0.6423
vn 0.6937 -0.3577 0.6252
vn 0.6893 -0.3685 0.6238
vn 0.6215 -0.5070 0.5973
vn -0.6039 -0.1303 0.7863
vn -0.5368 -0.4858 0.6898
vn -0.6009 -0.1679 0.7815
vn -0.0830 -0.5924 0.8014
vn -0.1168 -0.5451 0.8302
vn -0.0300 -0.6605 0.7502
vn 0.3482 -0.6095 0.7122
vn 0.4636 -0.5546 0.6911
vn -0.7302 0.2192 0.6472
vn -0.6851 0.4408 0.5799
vn -0.7291 0.2285 0.6451
vn -0.4300 0.6345 0.6423
vn -0.2689 0.7676 0.5818
vn -0.6691 -0.4499 -0.5915
vn -0.6065 -0.5115 -0.6087
vn 0.1080 0.6165 0.7799
vn 0.4882 0.8003 0.3480
vn 0.0155 0.5920 0.8058
vn 0.4497 0.7763 -0.4416
vn 0.1079 0.6166 -0.7799
vn 0.0155 0.5920 -0.8058
vn 0.5040 -0.4995 0.7046
vn 0.4408 -0.5603 0.7013
vn 0.3172 -0.6594 0.6816
vn -0.5997 -0.1311 -0.7894
vn -0.6004 -0.0889 -0.7948
vn -0.6004 -0.0890 -0.7948
vn -0.5997 -0.1312 -0.7894
vn -0.5768 -0.3567 -0.7349
vn -0.6689 -0.3901 0.6328
vn -0.5861 -0.5515 0.5936
vn -0.6047 -0.1383 0.7844
vn -0.6071 -0.0919 0.7893
vn -0.5605 -0.4149 0.7168
vn -0.6047 -0.1384 0.7844
vn -0.7476 -0.6449 -0.1588
vn -0.6810 -0.4151 -0.6032
vn 0.5478 -0.3422 0.7634
vn 0.5053 -0.4080 0.7604
vn 0.4186 -0.5228 0.7426
vn -0.7774 -0.5914 0.2141
vn -0.6793 -0.3584 0.6404
vn -0.6798 -0.3572 0.6405
vn -0.0217 0.8417 -0.5396
vn -0.0850 0.8268 -0.5561
vn 0.1363 0.8622 -0.4879
vn -0.0851 0.8268 -0.5561
vn -0.0217 0.8416 -0.5396
vn -0.2526 0.7447 -0.6178
vn -0.2763 0.7241 -0.6320
vn -0.4173 0.6445 -0.6407
vn -0.4068 0.6542 -0.6376
vn -0.2276 0.7903 -0.5689
vn 0.5787 -0.1762 -0.7963
vn 0.5178 -0.5111 -0.6860
vn 0.5921 -0.1121 0.7980
vn 0.5932 -0.0730 0.8017
vn 0.5869 -0.1051 -0.8028
vn 0.5866 -0.0689 -0.8070
vn -0.0259 -0.8082 0.5883
vn -0.2575 -0.8134 0.5216
vn 0.1298 -0.7787 0.6138
vn -0.0259 -0.8082 -0.5883
vn 0.1298 -0.7787 -0.6138
vn -0.2575 -0.8134 -0.5216
vn 0.5849 -0.1762 0.7917
vn 0.4998 -0.5566 0.6636
vn -0.1287 0.9917 0.0077
vn -0.1287 0.9917 0.0071
vn -0.0826 0.9910 0.1050
vn -0.1287 0.9917 0.0072
vn 0.0511 -0.5209 0.8521
vn 0.1301 -0.4445 0.8863
vn -0.0572 -0.6134 0.7877
vn 0.0511 -0.5208 -0.8521
vn 0.1301 -0.4445 -0.8863
vn -0.0572 -0.6134 -0.7877
vn 0.7555 -0.6374 0.1517
vn 0.7182 -0.3451 -0.6042
vn -0.6820 -0.4148 -0.6023
vn -0.6439 -0.4261 -0.6355
vn -0.6810 -0.4152 -0.6032
vn 0.7118 -0.2940 0.6379
vn 0.7133 -0.2907 0.6377
vn -0.5881 -0.2111 -0.7807
vn -0.5121 -0.5483 -0.6611
vn -0.7868 0.5346 0.3086
vn -0.3962 0.6092 0.6869
vn -0.7537 0.5367 0.3794
vn -0.3352 0.6347 0.6963
vn -0.3353 0.6347 -0.6963
vn -0.3962 0.6092 -0.6869
vn -0.7537 0.5366 -0.3795
vn -0.7868 0.5346 -0.3086
vn -0.6793 -0.3585 0.6404
vn -0.6246 -0.4723 0.6219
vn 0.1936 -0.9457 0.2610
vn 0.1937 -0.9457 0.2610
vn 0.1936 -0.9457 -0.2610
vn 0.1937 -0.9457 -0.2610
vn 0.6972 -0.3035 -0.6494
vn 0.7175 -0.3438 -0.6057
vn 0.5838 -0.1348 -0.8006
vn 0.5845 -0.1043 -0.8046
vn 0.5509 -0.4098 -0.7270
vn -0.5963 -0.1952 0.7787
vn -0.4933 -0.5899 0.6392
vn -0.5944 -0.2106 0.7761
vn -0.3803 -0.8440 -0.3781
vn -0.3172 -0.7957 -0.5159
vn -0.4797 -0.8774 -0.0000
vn -0.3803 -0.8440 0.3781
vn -0.6014 -0.1646 0.7818
vn -0.6043 -0.1257 0.7867
vn -0.2569 0.7379 -0.6242
vn -0.0582 0.8305 -0.5540
vn -0.4862 0.4961 -0.7194
vn 0.7133 -0.2908 0.6377
vn 0.7118 -0.2941 0.6379
vn 0.6815 -0.3559 0.6394
vn 0.5894 -0.1390 0.7958
vn 0.5342 -0.4643 0.7064
vn 0.5911 -0.1082 0.7993
vn -0.8666 0.4991 -0.0000
vn -0.7537 0.5366 0.3794
vn -0.8665 0.4991 -0.0000
vn -0.7537 0.5366 -0.3794
vn -0.1181 -0.6388 0.7603
vn -0.3168 -0.6852 0.6559
vn -0.3168 -0.6852 -0.6559
vn -0.1181 -0.6388 -0.7603
vn 0.7557 -0.6131 0.2301
vn 0.3732 -0.7329 0.5689
vn 0.7185 -0.6236 0.3082
vn 0.0998 -0.7960 0.5970
vn 0.1727 -0.7995 0.5753
vn 0.3082 -0.7768 0.5492
vn 0.5095 -0.7100 0.4861
vn 0.2851 -0.8503 0.4423
vn 0.2852 -0.8503 0.4423
vn 0.7185 -0.6236 -0.3081
vn 0.3733 -0.7329 -0.5689
vn 0.7557 -0.6131 -0.2301
vn 0.0998 -0.7960 -0.5970
vn 0.3732 -0.7329 -0.5689
vn 0.1727 -0.7995 -0.5753
vn 0.3082 -0.7768 -0.5492
vn 0.5096 -0.7100 -0.4861
vn 0.2851 -0.8503 -0.4423
vn 0.2852 -0.8503 -0.4423
vn -0.4548 -0.8468 -0.2759
vn -0.4924 -0.8498 -0.1883
vn 0.1566 -0.7769 -0.6098
vn 0.1566 -0.7769 0.6098
vn -0.4548 -0.8468 0.2759
vn -0.4924 -0.8497 0.1884
vn 0.3439 -0.5986 0.7234
vn 0.2082 0.9781 0.0077
vn 0.2082 0.9781 0.0071
vn 0.3439 -0.5987 -0.7234
vn 0.0511 -0.5209 -0.8521
vn 0.8219 -0.5696 -0.0000
vn 0.7184 -0.6236 -0.3082
vn 0.7558 -0.6131 -0.2301
vn 0.7184 -0.6236 0.3082
vn -0.5960 -0.1601 -0.7868
vn -0.5978 -0.1228 -0.7922
vn -0.5978 -0.1230 -0.7922
vn -0.5960 -0.1602 -0.7868
vn -0.5573 -0.4252 -0.7132
vn 0.5837 -0.1856 0.7905
vn 0.5842 -0.1799 0.7914
vn -0.7476 -0.6448 -0.1588
vn -0.7216 -0.6923 -0.0077
vn -0.7001 -0.3661 -0.6130
vn 0.5772 -0.1865 -0.7950
vn 0.5780 -0.1772 -0.7966
vn -0.6963 -0.3040 0.6502
vn -0.6942 -0.3084 0.6504
vn 0.1199 0.7473 0.6536
vn -0.3962 0.6093 0.6869
vn 0.1932 0.7525 0.6296
vn -0.2526 0.7447 0.6178
vn -0.0851 0.8267 0.5561
vn -0.2762 0.7241 0.6320
vn -0.0218 0.8416 0.5396
vn 0.1932 0.7525 -0.6296
vn 0.1199 0.7473 -0.6536
vn -0.3352 0.6347 -0.6963
vn -0.3961 0.6093 -0.6869
vn -0.6994 -0.3625 -0.6160
vn -0.6842 -0.3062 -0.6619
vn -0.2205 0.6183 -0.7544
vn 0.0677 0.7485 -0.6596
vn -0.2002 0.6301 -0.7502
vn 0.0689 -0.9905 -0.1194
vn 0.0759 -0.9971 0.0039
vn 0.0687 -0.9903 -0.1204
vn 0.0689 -0.9899 0.1235
vn 0.0688 -0.9898 0.1244
vn -0.6963 -0.3041 0.6502
vn -0.6679 -0.3594 0.6517
vn 0.0551 -0.6768 -0.7341
vn 0.3369 -0.5755 -0.7452
vn -0.3857 -0.8850 -0.2607
vn 0.5869 -0.1052 -0.8028
vn 0.5866 -0.0690 -0.8069
vn 0.5691 -0.3391 -0.7491
vn 0.5921 -0.1122 0.7980
vn 0.5540 -0.3991 0.7306
vn -0.2104 0.8152 -0.5396
vn -0.2687 0.7865 -0.5561
vn -0.0610 0.8708 -0.4878
vn -0.4921 0.5882 -0.6418
vn -0.5259 0.5418 -0.6556
vn 0.2359 0.8501 0.4709
vn 0.4257 0.9049 -0.0000
vn 0.3413 0.9008 0.2686
vn 0.4253 0.9050 -0.0000
vn 0.2359 0.8501 -0.4709
vn 0.3413 0.9008 -0.2686
vn 0.7030 -0.3871 -0.5967
vn 0.7009 -0.3339 0.6303
vn 0.6997 -0.3367 0.6301
vn 0.0633 0.6090 0.7907
vn -0.2092 0.4753 0.8546
vn -0.2688 0.4393 0.8572
vn 0.0558 0.6060 0.7935
vn 0.2462 0.6694 0.7009
vn -0.1638 0.8148 -0.5561
vn -0.1022 0.8357 -0.5396
vn -0.3725 0.6814 -0.6300
vn -0.4036 0.6508 -0.6431
vn 0.0532 0.8713 -0.4878
vn 0.0632 0.6090 -0.7907
vn -0.2092 0.4753 -0.8546
vn 0.0558 0.6060 -0.7935
vn -0.2688 0.4393 -0.8572
vn 0.2462 0.6694 -0.7009
vn 0.2742 -0.8176 0.5063
vn 0.5817 -0.3136 0.7505
vn 0.2741 -0.8176 -0.5063
vn -0.3857 -0.8850 0.2607
vn -0.3043 -0.8507 0.4286
vn 0.0551 -0.6768 0.7341
vn -0.5959 -0.2012 0.7774
vn -0.5983 -0.1801 0.7808
vn -0.5899 -0.2009 -0.7821
vn -0.5919 -0.1778 -0.7862
vn 0.1933 0.7525 0.6296
vn 0.1200 0.7473 0.6536
vn 0.5142 0.7172 0.4703
vn 0.1933 0.7525 -0.6296
vn 0.5142 0.7173 -0.4703
vn 0.1200 0.7473 -0.6536
vn -0.2596 -0.9657 0.0039
vn 0.7029 -0.3871 -0.5967
vn 0.6655 -0.4025 -0.6286
vn 0.7046 -0.3864 -0.5952
vn -0.2462 0.6048 0.7574
vn -0.2196 0.6213 0.7522
vn 0.0139 0.7348 0.6782
vn 0.7009 -0.3340 0.6303
vn 0.6472 -0.4493 0.6158
vn -0.5579 -0.8299 -0.0000
vn -0.4924 -0.8498 0.1883
vn -0.6044 -0.1258 0.7867
vn -0.5396 -0.4780 0.6930
vn -0.6014 -0.1647 0.7818
vn 0.0249 -0.6902 0.7232
vn -0.3138 -0.7259 0.6120
vn 0.0249 -0.6902 -0.7232
vn -0.3138 -0.7259 -0.6120
vn 0.6091 0.1966 -0.7684
vn 0.5457 0.5046 -0.6690
vn 0.6105 0.1820 -0.7709
vn 0.6202 0.1666 0.7666
vn 0.6226 0.1390 0.7701
vn 0.5527 0.4875 0.6760
vn 0.5891 -0.1421 0.7955
vn 0.5907 -0.1127 0.7990
vn 0.5834 -0.1383 -0.8003
vn 0.5842 -0.1087 -0.8043
vn -0.6688 -0.4437 -0.5965
vn -0.6683 -0.3895 0.6337
vn -0.6721 -0.3809 0.6350
vn -0.1904 0.6816 0.7065
vn -0.0811 0.7211 0.6881
vn 0.2494 0.7778 0.5769
vn -0.1904 0.6817 -0.7065
vn 0.2494 0.7778 -0.5769
vn -0.0811 0.7210 -0.6881
vn 0.5772 -0.1866 -0.7950
vn 0.5078 -0.5369 -0.6736
vn 0.6091 0.1966 -0.7683
vn 0.6632 -0.3044 -0.6837
vn 0.6674 -0.3541 -0.6551
vn 0.6105 0.1819 -0.7709
vn 0.6939 -0.6419 -0.3261
vn 0.6969 -0.6554 -0.2914
vn 0.6642 -0.3306 0.6705
vn 0.6201 0.1666 0.7666
vn 0.6670 -0.3696 0.6469
vn 0.6226 0.1389 0.7701
vn 0.6929 -0.6407 0.3307
vn 0.6959 -0.6543 0.2960
vn 0.2720 -0.8021 -0.5317
vn 0.6036 -0.2337 -0.7622
vn 0.5998 -0.2394 -0.7635
vn 0.2685 -0.8068 -0.5262
vn 0.2685 -0.8069 -0.5262
vn -0.4921 0.5882 0.6418
vn -0.5259 0.5418 0.6556
vn 0.4898 -0.5799 0.6511
vn 0.5842 -0.1800 0.7914
vn -0.4749 -0.8800 -0.0000
vn -0.3044 -0.8507 -0.4286
vn -0.3858 -0.8850 -0.2607
vn -0.3858 -0.8850 0.2607
vn 0.5942 -0.2507 0.7642
vn 0.2720 -0.8021 0.5317
vn 0.5843 -0.2648 0.7671
vn 0.2685 -0.8068 0.5262
vn 0.2685 -0.8069 0.5262
vn -0.6728 -0.4401 -0.5947
vn -0.6179 -0.4873 -0.6171
vn -0.6688 -0.4438 -0.5965
vn -0.6720 -0.3809 0.6350
vn -0.6683 -0.3896 0.6337
vn -0.5977 -0.5291 0.6023
vn -0.0080 0.7535 0.6574
vn -0.0081 0.7535 0.6574
vn 0.1669 0.7590 0.6293
vn 0.1549 0.7594 0.6319
vn -0.1640 0.7516 -0.6389
vn -0.1390 0.7617 -0.6329
vn 0.0965 0.8269 -0.5540
vn 0.6939 -0.6420 -0.3260
vn 0.7014 -0.7128 0.0045
vn 0.6969 -0.6554 -0.2912
vn 0.7014 -0.7128 0.0049
vn 0.7014 -0.7128 0.0046
vn 0.7764 -0.6099 -0.1586
vn 0.6927 -0.4132 -0.5911
vn -0.3798 0.6327 0.6748
vn -0.2763 0.7240 0.6320
vn -0.4000 0.6143 0.6802
vn -0.2526 0.7446 0.6178
vn -0.2763 0.7240 -0.6320
vn -0.2526 0.7446 -0.6178
vn -0.3799 0.6327 -0.6748
vn -0.4000 0.6143 -0.6802
vn -0.0289 0.7782 0.6273
vn -0.2910 0.7163 0.6342
vn -0.1869 0.7670 0.6138
vn -0.0340 0.8080 0.5882
vn -0.5918 -0.1779 -0.7862
vn -0.5224 -0.5234 -0.6732
vn -0.1869 0.7670 -0.6138
vn -0.0340 0.8080 -0.5882
vn -0.2910 0.7163 -0.6342
vn -0.0289 0.7782 -0.6273
vn 0.6945 -0.3552 0.6257
vn 0.6905 -0.3650 0.6245
vn 0.6244 -0.5008 0.5994
vn 0.6437 -0.4577 -0.6133
vn 0.6971 -0.4090 -0.5889
vn -0.2689 0.4393 0.8572
vn -0.7230 0.4493 0.5248
vn -0.8038 0.4531 0.3855
vn -0.5037 -0.5674 0.6514
vn -0.5959 -0.2013 0.7774
vn -0.2689 0.4393 -0.8572
vn -0.7230 0.4492 -0.5248
vn -0.8038 0.4531 -0.3855
vn 0.6175 0.2202 -0.7551
vn 0.5559 0.5137 -0.6535
vn 0.6179 0.2161 -0.7560
vn -0.3725 0.6814 0.6300
vn -0.1638 0.8148 0.5561
vn -0.4036 0.6508 0.6431
vn 0.6297 0.1884 0.7537
vn 0.6312 0.1715 0.7564
vn 0.5633 0.4963 0.6606
vn 0.4951 0.8689 0.0001
vn 0.3365 0.8738 -0.3510
vn 0.4950 0.8689 -0.0000
vn 0.3968 0.8873 -0.2352
vn 0.3968 0.8873 0.2352
vn 0.3365 0.8738 0.3510
vn 0.5834 -0.1384 -0.8003
vn 0.5842 -0.1088 -0.8043
vn 0.5484 -0.4186 -0.7239
vn -0.0339 0.8080 0.5883
vn 0.1967 0.8302 0.5217
vn 0.5891 -0.1422 0.7955
vn 0.5315 -0.4723 0.7031
vn 0.5907 -0.1128 0.7989
vn -0.0339 0.8080 -0.5883
vn 0.1967 0.8302 -0.5216
vn -0.1779 0.7470 0.6405
vn 0.0524 0.8217 0.5676
vn -0.1638 0.7531 0.6372
vn 0.1657 0.7200 0.6739
vn -0.3653 0.6293 0.6859
vn 0.2137 0.7229 0.6570
vn -0.4330 0.6096 0.6640
vn -0.3654 0.6293 0.6858
vn -0.4331 0.6095 0.6640
vn -0.7349 0.4598 0.4984
vn 0.2138 0.7229 0.6570
vn 0.5764 0.7675 0.2804
vn -0.3436 -0.7451 -0.5716
vn -0.3449 -0.7453 -0.5706
vn 0.2406 -0.6067 -0.7576
vn -0.6261 -0.7525 -0.2044
vn -0.6269 -0.7527 -0.2011
vn 0.1657 0.7200 -0.6739
vn -0.3653 0.6294 -0.6859
vn -0.4330 0.6096 -0.6640
vn 0.2137 0.7229 -0.6571
vn -0.3654 0.6293 -0.6859
vn -0.7349 0.4598 -0.4984
vn -0.4331 0.6096 -0.6639
vn 0.5566 0.7623 -0.3302
vn 0.2138 0.7229 -0.6570
vn 0.5764 0.7676 -0.2804
vn -0.0482 0.6583 0.7512
vn -0.3402 0.4633 0.8183
vn -0.3759 0.4424 0.8143
vn -0.0805 0.6295 0.7728
vn 0.0625 0.7446 0.6646
vn -0.2709 0.4733 -0.8382
vn -0.0482 0.6583 -0.7512
vn -0.2998 0.4505 -0.8409
vn -0.0805 0.6295 -0.7728
vn 0.0625 0.7446 -0.6646
vn -0.2911 0.7163 -0.6342
vn 0.3967 0.8873 -0.2352
vn -0.7640 -0.6452 -0.0084
vn -0.6002 -0.1271 -0.7897
vn -0.6007 -0.0847 -0.7950
vn -0.6007 -0.0848 -0.7950
vn -0.6002 -0.1272 -0.7897
vn -0.5791 -0.3476 -0.7375
vn -0.6051 -0.1347 0.7847
vn -0.6074 -0.0876 0.7895
vn -0.6074 -0.0877 0.7895
vn -0.5630 -0.4064 0.7196
vn -0.6051 -0.1348 0.7847
vn 0.3967 0.8873 0.2353
vn 0.3364 0.8738 0.3511
vn -0.0288 0.7782 0.6273
vn -0.4066 0.5605 0.7215
vn -0.0945 0.6722 0.7344
vn 0.2358 0.8500 0.4710
vn 0.3412 0.9008 0.2687
vn -0.6810 -0.4179 -0.6014
vn -0.6410 -0.4335 -0.6335
vn -0.6796 -0.4185 -0.6025
vn -0.0945 0.6722 -0.7344
vn 0.2358 0.8501 -0.4709
vn 0.3412 0.9007 -0.2687
vn -0.4066 0.5605 -0.7215
vn 0.5933 -0.0981 0.7990
vn 0.5940 -0.0560 0.8025
vn 0.5882 -0.0898 -0.8037
vn 0.5873 -0.0522 -0.8077
vn -0.6796 -0.4184 -0.6025
vn -0.6789 -0.3601 0.6399
vn -0.6780 -0.3620 0.6397
vn -0.6216 -0.4791 0.6197
vn -0.6781 -0.3619 0.6397
vn -0.6789 -0.3600 0.6399
vn 0.7014 -0.7127 0.0107
vn 0.6854 -0.6884 0.2374
vn 0.6858 -0.6897 0.2326
vn 0.7014 -0.7127 0.0124
vn 0.6871 -0.6906 -0.2258
vn 0.6876 -0.6920 -0.2199
vn 0.6175 0.2201 -0.7551
vn 0.7188 -0.3796 -0.5824
vn 0.7209 -0.4067 -0.5612
vn 0.6179 0.2160 -0.7560
vn 0.6875 -0.6920 -0.2199
vn 0.7222 -0.3334 -0.6060
vn 0.7052 -0.2734 -0.6542
vn 0.7214 -0.3302 -0.6087
vn 0.7170 -0.4067 0.5661
vn 0.6297 0.1883 0.7537
vn 0.7180 -0.4226 0.5530
vn 0.6312 0.1714 0.7564
vn 0.7168 -0.2777 0.6396
vn 0.7150 -0.2813 0.6401
vn 0.6904 -0.3272 0.6452
vn -0.3785 0.4843 0.7888
vn 0.1079 0.6165 0.7799
vn -0.3734 0.4852 0.7907
vn -0.5790 0.4326 0.6911
vn -0.3785 0.4843 -0.7888
vn -0.3734 0.4852 -0.7907
vn -0.5790 0.4326 -0.6911
vn 0.1079 0.6165 -0.7799
vn 0.6187 0.2143 -0.7558
vn 0.5623 0.4988 -0.6596
vn 0.6194 0.2070 -0.7573
vn 0.6207 0.2096 0.7555
vn 0.6216 0.2012 0.7571
vn 0.5623 0.4988 0.6596
vn 0.5882 -0.0899 -0.8037
vn 0.5873 -0.0523 -0.8077
vn 0.5770 -0.3029 -0.7585
vn 0.5932 -0.0982 0.7990
vn 0.5628 -0.3655 0.7414
vn 0.5940 -0.0561 0.8025
vn 0.7150 -0.2812 0.6401
vn 0.6110 0.2064 -0.7642
vn 0.5170 0.5684 -0.6401
vn 0.6117 0.2011 -0.7651
vn -0.6018 -0.1617 0.7821
vn -0.6047 -0.1218 0.7871
vn 0.2172 0.9710 0.0998
vn 0.2185 0.9756 -0.0198
vn 0.2185 0.9756 -0.0214
vn 0.2173 0.9709 0.1007
vn 0.2211 0.9687 -0.1127
vn 0.2212 0.9687 -0.1130
vn 0.7105 0.6855 0.1590
vn 0.7014 0.7128 -0.0008
vn 0.7103 0.6888 0.1451
vn 0.7014 0.7128 -0.0009
vn 0.7105 0.6853 -0.1599
vn 0.7102 0.6888 -0.1456
vn 0.6080 0.2021 0.7678
vn 0.6091 0.1903 0.7699
vn 0.5398 0.5184 0.6632
vn 0.6710 -0.2656 0.6922
vn 0.6207 0.2095 0.7555
vn 0.6747 -0.3171 0.6665
vn 0.6216 0.2011 0.7571
vn 0.7057 -0.6316 0.3211
vn 0.7074 -0.6437 0.2919
vn 0.6187 0.2142 -0.7558
vn 0.6817 -0.2828 -0.6748
vn 0.6862 -0.3346 -0.6459
vn 0.6194 0.2069 -0.7573
vn 0.7053 -0.6451 -0.2939
vn 0.7063 -0.6537 -0.2716
vn -0.5602 0.3513 0.7502
vn -0.5612 0.3477 0.7511
vn -0.4486 0.5518 -0.7030
vn -0.5602 0.3513 -0.7502
vn -0.5612 0.3477 -0.7511
vn 0.7156 0.3284 -0.6165
vn 0.7224 0.3024 -0.6219
vn 0.6577 0.4928 -0.5697
vn -0.6951 -0.3759 -0.6128
vn -0.6754 -0.3361 -0.6564
vn -0.6959 -0.3776 -0.6109
vn -0.6907 -0.3209 0.6480
vn -0.6925 -0.3169 0.6481
vn -0.6582 -0.3877 0.6453
vn 0.5840 -0.1829 0.7909
vn 0.5847 -0.1753 0.7921
vn -0.3384 0.6219 0.7062
vn -0.1776 0.7345 0.6549
vn 0.0993 0.8524 0.5133
vn -0.3384 0.6219 -0.7062
vn 0.0993 0.8524 -0.5134
vn -0.1777 0.7346 -0.6549
vn -0.4000 0.6142 0.6802
vn -0.4443 0.5708 0.6905
vn -0.4443 0.5708 -0.6905
vn -0.4000 0.6142 -0.6802
vn -0.5965 -0.1569 -0.7872
vn -0.5981 -0.1188 -0.7926
vn -0.5981 -0.1189 -0.7926
vn -0.5964 -0.1570 -0.7872
vn -0.5597 -0.4174 -0.7159
vn 0.5776 -0.1835 -0.7954
vn 0.5784 -0.1725 -0.7973
vn 0.7670 0.3721 0.5227
vn 0.7613 0.4394 0.4768
vn 0.7229 0.2726 0.6349
vn 0.7671 0.3720 0.5227
vn 0.7613 0.4393 0.4768
vn 0.7252 0.2601 0.6375
vn 0.7229 0.2727 0.6349
vn 0.6647 0.4783 0.5739
vn 0.7252 0.2602 0.6375
vn -0.5422 -0.4709 0.6960
vn 0.7577 0.4235 -0.4965
vn 0.7535 0.4632 -0.4665
vn 0.7102 0.6887 -0.1456
vn 0.7157 0.3283 -0.6165
vn -0.5991 -0.0529 0.7989
vn -0.5969 -0.1012 0.7959
vn -0.5602 0.3512 0.7502
vn 0.4927 -0.5732 0.6548
vn 0.5847 -0.1754 0.7921
vn -0.6959 -0.3775 -0.6109
vn -0.5612 0.3476 -0.7511
vn -0.5602 0.3512 -0.7502
vn -0.5991 -0.0529 -0.7989
vn -0.5969 -0.1012 -0.7959
vn 0.5776 -0.1836 -0.7954
vn 0.5784 -0.1726 -0.7973
vn 0.5108 -0.5295 -0.6773
vn -0.6925 -0.3168 0.6481
vn 0.7052 -0.6452 -0.2939
vn 0.7012 -0.7129 -0.0016
vn 0.7012 -0.7129 -0.0017
vn 0.7057 -0.6317 0.3210
vn 0.7043 -0.3837 -0.5973
vn 0.6682 -0.3950 -0.6305
vn 0.7056 -0.3833 -0.5960
vn 0.7008 -0.3331 0.6308
vn 0.7017 -0.3311 0.6309
vn 0.6501 -0.4423 0.6179
vn 0.6845 0.7264 0.0618
vn 0.7014 0.7128 -0.0019
vn 0.6839 0.7268 0.0629
vn 0.7014 0.7128 -0.0022
vn 0.6845 0.7261 -0.0643
vn 0.6841 0.7265 -0.0650
vn 0.7017 -0.3310 0.6309
vn 0.7008 -0.3330 0.6308
vn 0.6110 0.2063 -0.7642
vn 0.7139 -0.4438 -0.5417
vn 0.7143 -0.4500 -0.5360
vn 0.6117 0.2010 -0.7651
vn 0.6910 -0.7094 -0.1386
vn 0.6910 -0.7095 -0.1384
vn -0.6712 -0.3834 0.6344
vn -0.6671 -0.3930 0.6329
vn -0.5947 -0.5351 0.6000
vn -0.6718 -0.4428 -0.5938
vn -0.6149 -0.4938 -0.6149
vn -0.6674 -0.4469 -0.5957
vn -0.6243 0.2606 0.7364
vn -0.6011 -0.2676 0.7530
vn -0.5996 -0.2745 0.7517
vn 0.7189 -0.4348 0.5424
vn 0.6080 0.2020 0.7678
vn 0.7197 -0.4447 0.5332
vn 0.6895 -0.7122 0.1320
vn 0.6896 -0.7122 0.1313
vn -0.6243 0.2606 -0.7364
vn -0.6011 -0.2676 -0.7530
vn -0.5996 -0.2745 -0.7518
vn 0.7796 0.4807 -0.4015
vn 0.7772 0.4942 -0.3894
vn 0.6845 0.7262 -0.0643
vn 0.7772 0.4942 -0.3895
vn 0.7328 0.3039 -0.6088
vn 0.7796 0.4806 -0.4016
vn 0.7386 0.2791 -0.6137
vn 0.7328 0.3040 -0.6088
vn 0.7385 0.2792 -0.6137
vn 0.6664 0.4998 -0.5534
vn 0.6992 -0.7150 0.0040
vn 0.6991 -0.7150 0.0039
vn -0.6710 0.3005 -0.6778
vn -0.6921 0.2929 -0.6597
vn -0.9488 0.1967 -0.2471
vn -0.9427 0.1983 -0.2682
vn 0.6839 0.7269 0.0629
vn 0.7908 0.4538 0.4108
vn 0.7925 0.4419 0.4204
vn 0.7399 0.2433 0.6272
vn 0.7908 0.4537 0.4108
vn 0.7407 0.2382 0.6282
vn 0.7399 0.2434 0.6272
vn 0.6737 0.4850 0.5576
vn 0.7407 0.2383 0.6282
vn 0.5745 -0.3327 0.7478
vn 0.4919 -0.5061 0.7084
vn 0.5775 -0.3237 0.7494
vn 0.5152 -0.4551 0.7263
vn 0.4919 -0.5061 -0.7084
vn 0.5152 -0.4551 -0.7263
vn 0.5745 -0.3327 -0.7478
vn 0.5776 -0.3237 -0.7494
vn -0.6137 0.3835 0.6902
vn -0.5260 0.5418 0.6556
vn -0.6144 0.3811 0.6908
vn -0.4922 0.5881 0.6418
vn -0.1203 0.8190 -0.5610
vn 0.1274 0.9401 -0.3162
vn 0.1690 0.9563 -0.2384
vn -0.4673 0.5235 -0.7124
vn -0.1777 0.7345 -0.6549
vn -0.1822 -0.9622 0.2024
vn -0.1821 -0.9622 0.2024
vn -0.4922 0.5881 -0.6418
vn -0.6137 0.3835 -0.6902
vn -0.5260 0.5418 -0.6556
vn -0.6144 0.3811 -0.6908
vn -0.1822 -0.9622 -0.2024
vn -0.1821 -0.9622 -0.2024
vn -0.1763 0.6856 0.7063
vn -0.5988 0.5500 0.5822
vn -0.2952 0.6634 0.6876
vn -0.0405 0.7056 0.7075
vn -0.4006 0.6550 0.6407
vn -0.1905 0.6816 0.7065
vn -0.0812 0.7211 0.6881
vn -0.0945 0.6721 0.7344
vn -0.1763 0.6856 -0.7063
vn -0.2951 0.6633 -0.6877
vn -0.5988 0.5500 -0.5822
vn -0.0405 0.7056 -0.7075
vn -0.4006 0.6550 -0.6407
vn -0.3759 0.4424 0.8142
vn -0.7446 0.2750 0.6082
vn -0.7514 0.2721 0.6011
vn -0.9515 0.1896 0.2422
vn -0.9456 0.1906 0.2637
vn -0.1905 0.6816 -0.7065
vn -0.4066 0.5604 -0.7215
vn -0.0946 0.6721 -0.7344
vn -0.0812 0.7211 -0.6881
vn -0.5710 -0.8113 -0.1254
vn -0.5821 -0.8131 0.0041
vn -0.5712 -0.8113 -0.1246
vn -0.5821 -0.8131 0.0040
vn -0.5710 -0.8108 0.1288
vn -0.5708 -0.8108 0.1297
vn -0.6671 -0.3929 0.6329
vn -0.6712 -0.3833 0.6344
vn -0.5002 0.4718 0.7261
vn -0.1888 0.7440 0.6409
vn 0.0613 0.9105 0.4089
vn 0.1399 0.9496 0.2805
vn -0.5002 0.4719 0.7261
vn -0.1889 0.7440 0.6409
vn -0.1777 0.7346 0.6548
vn 0.1407 0.9494 0.2809
vn 0.2173 0.9710 0.0998
vn 0.6662 0.2964 0.6843
vn 0.5913 0.4272 0.6840
vn 0.6727 0.2835 0.6835
vn 0.6659 0.2995 -0.6833
vn 0.6723 0.2867 -0.6825
vn 0.5913 0.4273 -0.6840
vn 0.7097 0.6964 0.1062
vn 0.7013 0.7129 0.0003
vn 0.7106 0.6923 0.1256
vn 0.7102 0.6985 -0.0881
vn 0.7133 0.6888 -0.1296
vn -0.6656 -0.0342 0.7455
vn -0.6616 -0.1143 0.7411
vn -0.6137 0.3834 0.6902
vn -0.6656 -0.0342 -0.7455
vn -0.6616 -0.1143 -0.7411
vn -0.8038 0.4531 -0.3854
vn -0.9122 0.4097 -0.0000
vn -0.7230 0.4492 0.5248
vn -0.7896 0.5872 -0.1779
vn -0.5200 0.6587 -0.5438
vn -0.5259 0.6581 -0.5388
vn -0.7897 0.5872 -0.1774
vn 0.1009 0.6636 -0.7412
vn 0.0838 0.6625 -0.7444
vn -0.6396 -0.5418 -0.5453
vn -0.6387 -0.5547 -0.5333
vn -0.6276 0.1106 -0.7707
vn -0.6387 -0.5546 -0.5333
vn -0.6263 0.0936 -0.7739
vn 0.6916 -0.3645 0.6236
vn 0.6858 -0.3784 0.6217
vn 0.6132 -0.5239 0.5912
vn 0.6876 -0.4257 -0.5882
vn 0.6876 -0.4258 -0.5882
vn 0.6328 -0.4826 -0.6055
vn 0.6936 -0.4190 -0.5860
vn -0.6396 -0.5418 0.5452
vn -0.6387 -0.5547 0.5333
vn -0.6387 -0.5546 0.5333
vn -0.6279 0.0915 0.7729
vn -0.6396 -0.5418 0.5453
vn -0.6255 0.0662 0.7774
vn 0.6393 0.1079 0.7613
vn 0.6393 0.1079 -0.7613
vn -0.6780 -0.3627 0.6393
vn -0.6770 -0.3653 0.6390
vn -0.6188 -0.4853 0.6177
vn -0.6799 -0.4207 -0.6006
vn -0.6383 -0.4401 -0.6316
vn -0.6784 -0.4215 -0.6018
vn -0.5588 0.4807 0.6758
vn -0.4037 0.6507 0.6431
vn -0.5563 0.4836 0.6757
vn -0.3726 0.6814 0.6300
vn -0.3726 0.6814 -0.6300
vn -0.5588 0.4807 -0.6758
vn -0.4037 0.6507 -0.6431
vn -0.5563 0.4837 -0.6757
vn 0.5053 -0.4079 0.7604
vn 0.6494 -0.0099 0.7604
vn 0.6492 -0.0112 0.7605
vn 0.5776 -0.3237 0.7494
vn 0.6947 0.7192 0.0077
vn 0.6560 0.7467 0.1101
vn 0.6437 0.7575 0.1086
vn 0.6947 0.7192 0.0071
vn 0.6494 -0.0099 -0.7604
vn 0.6492 -0.0112 -0.7605
vn 0.6558 0.7471 -0.1083
vn 0.6406 0.7596 -0.1122
vn 0.5943 -0.2506 0.7642
vn 0.5844 -0.2648 0.7671
vn 0.7417 0.0171 0.6705
vn -0.7888 0.5869 0.1825
vn -0.5434 0.6524 0.5283
vn -0.7888 0.5869 0.1824
vn -0.5407 0.6527 0.5308
vn 0.0387 0.6675 0.7436
vn -0.6489 -0.7608 0.0047
vn -0.6254 -0.7519 0.2089
vn -0.6489 -0.7608 0.0043
vn -0.6260 -0.7521 0.2061
vn -0.3675 -0.7452 0.5565
vn -0.3611 -0.7442 0.5619
vn 0.2227 -0.6184 0.7536
vn 0.1978 -0.6229 0.7569
vn 0.7483 0.4752 -0.4627
vn 0.7477 0.4892 -0.4489
vn 0.6659 0.2994 -0.6833
vn -0.6038 0.4160 0.6800
vn -0.6037 0.4161 0.6800
vn 0.7106 0.6922 0.1257
vn 0.7487 0.4916 0.4447
vn 0.7488 0.4899 0.4464
vn 0.6727 0.2835 0.6834
vn 0.6663 0.2964 0.6843
vn -0.6038 0.4160 -0.6800
vn 0.6037 -0.2337 -0.7622
vn 0.7568 0.0672 -0.6502
vn 0.5999 -0.2393 -0.7635
vn -0.6263 0.0937 -0.7739
vn -0.6146 0.4276 -0.6628
vn -0.6276 0.1107 -0.7706
vn -0.6255 0.0663 0.7774
vn -0.6279 0.0916 0.7729
vn -0.6252 0.3792 0.6822
vn -0.9834 0.1805 0.0199
vn -0.9834 0.1805 0.0178
vn -0.5996 -0.2745 -0.7517
vn -0.5968 -0.1012 -0.7959
vn 0.5054 -0.4078 -0.7604
vn -0.6811 0.2843 0.6747
vn -0.6616 -0.2812 0.6952
vn -0.6583 -0.2940 0.6929
vn -0.6811 0.2843 -0.6747
vn -0.6615 -0.2812 -0.6952
vn -0.6583 -0.2940 -0.6929
vn 0.7158 -0.2816 0.6391
vn 0.7140 -0.2851 0.6394
vn 0.6879 -0.3357 0.6435
vn 0.7210 -0.3368 -0.6055
vn 0.7029 -0.2824 -0.6529
vn 0.7203 -0.3342 -0.6079
vn -0.5211 0.4033 -0.7522
vn -0.3099 0.7134 -0.6285
vn -0.5157 0.4140 -0.7501
vn -0.6770 -0.3652 0.6390
vn -0.6780 -0.3626 0.6393
vn 0.7294 0.2698 0.6286
vn 0.6920 0.4159 0.5900
vn 0.7308 0.2623 0.6302
vn 0.7847 0.5262 -0.3277
vn 0.7791 0.5498 -0.3013
vn 0.6559 0.7467 0.1102
vn 0.7248 0.2653 -0.6359
vn 0.7265 0.2556 -0.6378
vn 0.7248 0.2654 -0.6359
vn 0.7265 0.2558 -0.6378
vn 0.6705 0.4659 -0.5774
vn 0.6406 0.7597 -0.1122
vn 0.7745 0.5533 0.3066
vn 0.7646 0.5884 0.2630
vn 0.7646 0.5885 0.2630
vn -0.5220 0.3932 0.7569
vn -0.5145 0.4089 0.7537
vn -0.3477 0.6749 0.6509
vn 0.7211 -0.3368 -0.6055
vn 0.7158 -0.2815 0.6391
vn -0.6616 -0.1142 0.7411
vn -0.6583 -0.2941 0.6929
vn -0.6616 -0.1142 -0.7411
vn -0.6583 -0.2941 -0.6929
vn -0.6657 -0.0342 -0.7454
vn 0.6571 0.1278 0.7429
vn 0.5576 0.5614 0.6115
vn 0.6534 0.1738 0.7368
vn 0.6571 0.1278 -0.7429
vn 0.6534 0.1738 -0.7368
vn 0.5575 0.5614 -0.6115
vn -0.3822 0.7750 0.5033
vn -0.7149 0.6569 0.2397
vn -0.7353 0.6519 0.1856
vn -0.1343 0.8122 0.5678
vn -0.3821 0.7751 0.5033
vn -0.1131 0.8101 0.5753
vn -0.1343 0.8122 0.5677
vn -0.2500 0.7974 0.5492
vn -0.4557 0.7457 0.4861
vn -0.7149 0.6569 -0.2397
vn -0.3822 0.7750 -0.5033
vn -0.7353 0.6518 -0.1856
vn -0.1343 0.8122 -0.5678
vn -0.3821 0.7750 -0.5033
vn -0.1343 0.8122 -0.5677
vn -0.1131 0.8101 -0.5753
vn -0.2499 0.7974 -0.5492
vn -0.4557 0.7457 -0.4861
vn -0.0404 0.7056 -0.7075
vn -0.7815 0.5767 -0.2383
vn -0.7363 0.5823 0.3446
vn -0.7815 0.5766 0.2383
vn -0.1391 0.7616 -0.6329
vn -0.1641 0.7516 -0.6389
vn 0.0150 0.9494 -0.3137
vn -0.1780 0.7470 0.6406
vn -0.1639 0.7531 0.6372
vn 0.0150 0.9494 0.3137
vn 0.7266 -0.2722 0.6309
vn 0.8130 -0.0903 0.5752
vn 0.7229 -0.2785 0.6324
vn 0.9488 -0.0840 0.3047
vn 0.7265 -0.2723 0.6309
vn 0.7228 -0.2786 0.6324
vn 0.9357 -0.1096 0.3353
vn 0.7380 -0.2485 -0.6274
vn 0.7295 -0.2639 -0.6310
vn 0.8251 -0.0445 -0.5632
vn 0.7379 -0.2486 -0.6274
vn 0.9487 -0.0840 -0.3047
vn 0.7295 -0.2640 -0.6310
vn 0.9357 -0.1095 -0.3353
vn -0.6489 -0.7609 0.0047
vn -0.6261 -0.7525 -0.2043
vn -0.6489 -0.7609 0.0043
vn 0.6542 0.1588 0.7395
vn 0.5649 0.5543 0.6112
vn 0.6516 0.1896 0.7345
vn -0.3936 -0.8283 0.3988
vn -0.3936 -0.8282 0.3988
vn -0.3936 -0.8283 -0.3988
vn -0.3936 -0.8282 -0.3988
vn 0.6542 0.1588 -0.7395
vn 0.6516 0.1897 -0.7345
vn 0.5649 0.5544 -0.6112
vn -0.8331 0.5531 -0.0000
vn -0.7363 0.5823 -0.3446
vn -0.7815 0.5766 -0.2383
vn -0.6190 0.4025 0.6744
vn -0.5564 0.4836 0.6757
vn -0.5588 0.4806 0.6758
vn 0.6598 -0.3606 0.6593
vn 0.6988 -0.6322 0.3346
vn 0.6925 -0.6093 0.3862
vn 0.6599 -0.3400 0.6700
vn 0.6534 0.1737 0.7368
vn 0.6571 0.1277 0.7429
vn 0.6988 -0.6322 -0.3346
vn 0.6598 -0.3606 -0.6593
vn 0.6925 -0.6094 -0.3862
vn 0.6599 -0.3400 -0.6700
vn 0.6534 0.1737 -0.7368
vn 0.6571 0.1277 -0.7429
vn -0.5564 0.4836 -0.6757
vn -0.5589 0.4806 -0.6758
vn -0.6190 0.4025 -0.6744
vn -0.8472 0.4162 0.3301
vn -0.7572 0.6452 -0.1018
vn -0.7663 0.6343 -0.1026
vn -0.8475 0.4082 0.3393
vn -0.7563 0.6449 0.1102
vn -0.8472 0.4163 -0.3301
vn -0.7652 0.6337 0.1132
vn -0.8475 0.4082 -0.3393
vn -0.7286 0.1565 -0.6668
vn -0.7288 0.1489 -0.6684
vn -0.8472 0.4163 0.3301
vn -0.7303 0.1316 0.6703
vn -0.7303 0.1322 0.6702
vn -0.7287 0.1490 -0.6684
vn -0.7076 0.3727 -0.6003
vn 0.6228 -0.2274 0.7486
vn 0.6190 -0.1666 0.7675
vn 0.5861 0.2412 0.7735
vn 0.5879 0.2189 0.7788
vn 0.5879 0.2190 0.7788
vn 0.5428 0.4905 0.6818
vn 0.5861 0.2413 0.7735
vn 0.5861 0.2412 -0.7735
vn 0.6190 -0.1666 -0.7675
vn 0.6228 -0.2274 -0.7486
vn 0.5879 0.2189 -0.7788
vn 0.5879 0.2190 -0.7787
vn 0.5861 0.2413 -0.7735
vn 0.5428 0.4905 -0.6818
vn -0.6032 -0.6526 0.4586
vn -0.7303 0.1323 0.6702
vn -0.7190 0.3276 0.6130
vn -0.7303 0.1317 0.6703
vn -0.6032 -0.6526 -0.4586
vn 0.6675 -0.3554 0.6543
vn 0.7024 -0.6355 0.3207
vn 0.6958 -0.6127 0.3749
vn 0.6673 -0.3289 0.6682
vn 0.6675 -0.3553 0.6543
vn 0.6542 0.1587 0.7395
vn 0.7024 -0.6355 -0.3206
vn 0.6675 -0.3554 -0.6543
vn 0.6958 -0.6127 -0.3749
vn 0.6673 -0.3289 -0.6682
vn 0.6516 0.1896 -0.7345
vn 0.6675 -0.3553 -0.6543
vn 0.6542 0.1587 -0.7395
vn 0.6191 -0.1667 0.7675
vn 0.6228 -0.2275 0.7486
vn 0.6987 -0.5636 0.4407
vn 0.7083 -0.6007 0.3707
vn 0.6228 -0.2275 -0.7486
vn 0.6987 -0.5636 -0.4407
vn 0.7084 -0.6006 -0.3707
vn 0.6191 -0.1667 -0.7675
vn 0.7114 -0.7028 -0.0000
vn 0.7114 -0.7028 0.0001
vn 0.6925 -0.6094 0.3862
vn 0.6988 -0.6323 0.3346
vn 0.6988 -0.6323 -0.3346
vn 0.7113 -0.7028 -0.0000
vn 0.7114 -0.7028 -0.0001
vn 0.6371 0.0950 0.7649
vn 0.5526 0.5119 0.6577
vn 0.6338 0.1422 0.7603
vn 0.6371 0.0950 -0.7649
vn 0.6338 0.1422 -0.7603
vn 0.5526 0.5119 -0.6577
vn -0.7984 0.6020 0.0082
vn -0.7985 0.6020 0.0075
vn -0.7984 0.6020 0.0075
vn 0.9819 0.1647 -0.0939
vn 0.9357 -0.1095 0.3353
vn 0.9487 -0.0840 0.3047
vn 0.9842 0.1497 -0.0947
vn 0.9357 -0.1096 -0.3353
vn 0.9811 0.1649 0.1016
vn 0.9832 0.1500 0.1045
vn 0.9945 0.1044 0.0076
vn 0.9832 0.1500 0.1044
vn 0.9945 0.1044 0.0070
vn -0.7776 0.6287 -0.0000
vn -0.7353 0.6518 -0.1855
vn -0.7776 0.6288 -0.0000
vn -0.7353 0.6518 0.1855
vn -0.6661 0.3537 0.6566
vn -0.6661 0.3536 0.6567
vn -0.6661 0.3537 -0.6566
vn -0.6661 0.3536 -0.6567
vn -0.3948 0.9187 0.0078
vn -0.3496 0.9303 0.1109
vn -0.3948 0.9188 0.0072
vn -0.3346 0.9360 0.1093
vn -0.3309 0.9369 -0.1131
vn -0.3493 0.9306 -0.1091
vn -0.3948 0.9187 0.0072
vn 0.7151 -0.6990 -0.0000
vn 0.7151 -0.6991 0.0001
vn 0.7024 -0.6355 0.3206
vn 0.7151 -0.6991 -0.0000
vn 0.7151 -0.6991 -0.0001
vn 0.6896 0.0873 0.7189
vn 0.6066 0.5138 0.6067
vn 0.6868 0.1428 0.7127
vn 0.7038 0.7104 -0.0000
vn 0.6956 0.6877 0.2082
vn 0.6942 0.6815 0.2318
vn 0.7038 0.7104 0.0001
vn 0.6897 0.0873 -0.7189
vn 0.6868 0.1427 -0.7127
vn 0.6066 0.5137 -0.6067
vn 0.6956 0.6877 -0.2082
vn 0.7038 0.7104 -0.0001
vn 0.6942 0.6815 -0.2318
vn 0.7131 0.5278 0.4615
vn 0.7147 0.5067 0.4821
vn 0.6956 0.6876 0.2082
vn 0.6890 0.3537 0.6326
vn 0.6862 0.3615 0.6313
vn 0.6592 0.4289 0.6177
vn 0.6567 0.2421 0.7143
vn 0.6599 0.2203 0.7183
vn 0.6092 0.4396 0.6600
vn 0.6955 0.6876 -0.2082
vn 0.6941 0.6815 -0.2318
vn 0.7131 0.5278 -0.4615
vn 0.7147 0.5067 -0.4821
vn 0.6890 0.3537 -0.6326
vn 0.6862 0.3615 -0.6313
vn 0.6592 0.4289 -0.6177
vn 0.6567 0.2421 -0.7143
vn 0.6092 0.4396 -0.6600
vn 0.6599 0.2203 -0.7183
vn 0.6769 -0.3751 0.6333
vn 0.6966 -0.6449 0.3143
vn 0.6928 -0.6261 0.3579
vn 0.6776 -0.3630 0.6396
vn 0.6966 -0.6449 -0.3143
vn 0.6769 -0.3751 -0.6333
vn 0.6927 -0.6261 -0.3579
vn 0.6776 -0.3630 -0.6396
vn 0.6404 -0.3785 0.6683
vn 0.6850 -0.6467 0.3356
vn 0.6771 -0.6215 0.3940
vn 0.6405 -0.3529 0.6821
vn 0.6404 -0.3784 0.6683
vn 0.6405 -0.3528 0.6821
vn 0.6338 0.1421 0.7603
vn 0.6850 -0.6467 -0.3356
vn 0.6404 -0.3785 -0.6683
vn 0.6771 -0.6215 -0.3940
vn 0.6405 -0.3529 -0.6821
vn 0.6890 0.6882 0.2271
vn 0.6908 0.6943 0.2020
vn 0.7117 0.5254 0.4664
vn 0.7138 0.4925 0.4980
vn 0.6338 0.1421 -0.7603
vn 0.6405 -0.3528 -0.6821
vn 0.6404 -0.3784 -0.6683
vn 0.6908 0.6943 -0.2020
vn 0.6891 0.6882 -0.2271
vn 0.7117 0.5254 -0.4663
vn 0.7138 0.4925 -0.4979
vn 0.7116 0.5254 0.4664
vn 0.6867 0.3039 0.6604
vn 0.7138 0.4924 0.4980
vn 0.6873 0.3021 0.6605
vn 0.6728 0.3413 0.6564
vn 0.6867 0.3039 -0.6604
vn 0.7138 0.4924 -0.4980
vn 0.6873 0.3021 -0.6605
vn 0.7117 0.5254 -0.4664
vn 0.6728 0.3413 -0.6564
vn 0.7120 -0.7022 -0.0000
vn 0.7084 -0.6007 0.3707
vn 0.7084 -0.6007 -0.3707
vn -0.5795 0.4948 -0.6476
vn -0.5762 0.5004 -0.6462
vn -0.4545 0.6729 -0.5836
vn 0.6997 0.7145 -0.0000
vn 0.6907 0.6943 -0.2020
vn 0.6891 0.6882 0.2271
vn 0.6868 0.1427 0.7127
vn 0.6896 0.0872 0.7189
vn 0.6896 0.0872 -0.7189
vn 0.6999 0.1980 0.6863
vn 0.7127 0.3889 0.5838
vn 0.6600 0.2202 0.7183
vn 0.6567 0.2420 0.7143
vn 0.6600 0.2202 -0.7183
vn 0.6999 0.1980 -0.6862
vn 0.6567 0.2420 -0.7143
vn 0.7127 0.3889 -0.5838
vn -0.8049 0.5935 0.0043
vn -0.8049 0.5935 0.0048
vn 0.7022 -0.7120 -0.0000
vn 0.7021 -0.7120 -0.0000
vn 0.6927 -0.6261 0.3579
vn 0.6966 -0.6450 0.3142
vn -0.8048 0.5935 0.0043
vn -0.8048 0.5935 0.0047
vn 0.6966 -0.6450 -0.3142
vn 0.7057 0.7085 -0.0000
vn 0.7133 0.6543 0.2511
vn 0.7131 0.6185 0.3302
vn 0.7133 0.6543 -0.2512
vn 0.7130 0.6185 -0.3302
vn 0.6999 0.1981 0.6862
vn 0.7131 0.6184 0.3302
vn 0.7133 0.6543 0.2512
vn 0.7131 0.6185 -0.3302
vn 0.6999 0.1982 -0.6862
vn 0.7088 0.3720 0.5993
vn 0.7016 0.3916 0.5954
vn 0.6616 0.4846 0.5723
vn 0.7088 0.3720 -0.5993
vn 0.6616 0.4845 -0.5723
vn 0.7016 0.3916 -0.5954
vn 0.6994 -0.7147 -0.0000
vn 0.6771 -0.6215 0.3939
vn 0.6850 -0.6467 0.3355
vn 0.6850 -0.6467 -0.3355
vn 0.6771 -0.6215 -0.3939
vn -0.5055 0.8194 0.2702
vn -0.5244 0.7931 0.3099
vn -0.5244 0.7930 0.3099
vn -0.5055 0.8195 0.2702
vn -0.5786 0.5073 0.6386
vn -0.5814 0.5026 0.6398
vn -0.4919 0.6335 0.5973
vn -0.5329 0.7873 -0.3101
vn -0.5434 0.7711 -0.3317
vn -0.5435 0.7711 -0.3317
vn -0.8324 -0.1605 -0.5304
vn -0.8991 -0.4165 -0.1350
vn -0.8992 -0.4165 -0.1341
vn -0.8325 -0.1608 -0.5302
vn -0.5158 0.4139 -0.7501
vn 0.7006 0.3600 0.6160
vn 0.6952 0.3736 0.6141
vn 0.6645 0.4430 0.6019
vn 0.7006 0.3600 -0.6160
vn 0.6645 0.4430 -0.6019
vn 0.6952 0.3735 -0.6141
vn -0.8986 -0.4196 0.1284
vn -0.8341 -0.1501 0.5308
vn -0.8988 -0.4195 0.1272
vn -0.8356 -0.1536 0.5274
vn -0.5145 0.4088 0.7537
vn -0.5220 0.3931 0.7569
vn 0.7123 0.7019 -0.0000
vn 0.7066 0.6812 -0.1915
vn 0.7058 0.6763 -0.2108
vn 0.7066 0.6812 0.1915
vn 0.7058 0.6763 0.2108
vn -0.7743 0.3603 -0.5202
vn -0.9776 0.1747 -0.1171
vn -0.9778 0.1749 -0.1156
vn -0.7739 0.3606 -0.5206
vn -0.7739 0.3605 -0.5206
vn -0.7743 0.3604 -0.5202
vn -0.2003 0.6301 -0.7502
vn -0.2206 0.6182 -0.7544
vn -0.9771 0.1748 0.1210
vn -0.7743 0.3603 0.5202
vn -0.9773 0.1750 0.1196
vn -0.7739 0.3605 0.5206
vn -0.2197 0.6212 0.7522
vn -0.7743 0.3604 0.5202
vn -0.7739 0.3606 0.5206
vn -0.2463 0.6047 0.7574
vn -0.9088 -0.4173 0.0038
vn 0.7315 0.5194 0.4419
vn 0.7325 0.5100 0.4510
vn 0.7058 0.6763 0.2109
vn 0.7067 0.6811 0.1915
vn 0.7016 0.3915 0.5954
vn 0.7058 0.6763 -0.2109
vn 0.7315 0.5193 -0.4419
vn 0.7325 0.5100 -0.4510
vn 0.7111 0.7031 -0.0000
vn 0.7032 0.6804 0.2062
vn 0.7019 0.6738 0.2310
vn 0.7032 0.6804 -0.2062
vn 0.7111 0.7030 -0.0000
vn 0.7019 0.6738 -0.2310
vn 0.7019 0.6738 0.2311
vn 0.7224 0.5213 0.4543
vn 0.7240 0.5039 0.4710
vn 0.7007 0.3600 0.6160
vn 0.6953 0.3735 0.6141
vn 0.7019 0.6738 -0.2311
vn 0.7224 0.5213 -0.4543
vn 0.7240 0.5039 -0.4710
vn 0.7007 0.3600 -0.6160
vn 0.6953 0.3735 -0.6141
vn -0.9829 0.1839 0.0038
vn -0.9829 0.1839 0.0037
vt 0.000000 0.000000
vt 0.375000 1.000000
vt 0.500000 0.750000
vt 0.375000 0.750000
vt 0.500000 1.000000
vt 0.375000 0.500000
vt 0.500000 0.500000
vt 0.625000 0.750000
vt 0.625000 1.000000
vt 0.625000 0.500000
vt 0.375000 0.250000
vt 0.500000 0.250000
vt 0.375000 0.000000
vt 0.500000 0.000000
vt 0.625000 0.000000
vt 0.625000 0.250000
s 1
f 1/1/1 2/1/2 3/1/2
f 2/1/2 1/1/1 4/1/3
f 5/1/4 3/1/2 2/1/2
f 3/1/2 5/1/4 6/1/4
f 7/1/5 6/1/4 5/1/4
f 6/1/4 7/1/5 8/1/5
f 9/1/6 10/1/6 11/1/6
f 12/1/6 9/1/6 11/1/6
f 10/1/6 9/1/6 13/1/6
f 9/1/6 12/1/6 14/1/6
f 15/1/6 10/1/6 13/1/6
f 16/1/6 14/1/6 12/1/6
f 10/1/6 15/1/6 17/1/6
f 12/1/6 18/1/6 16/1/6
f 15/1/6 19/1/6 17/1/6
f 20/1/6 16/1/6 18/1/6
f 19/1/6 15/1/6 21/1/6
f 16/1/6 20/1/6 22/1/6
f 23/1/6 19/1/6 21/1/6
f 20/1/6 23/1/6 22/1/6
f 19/1/6 23/1/6 24/1/6
f 20/1/6 24/1/6 23/1/6
f 25/1/7 26/1/8 27/1/9
f 26/1/8 25/1/7 28/1/10
f 28/1/10 29/1/11 26/1/8
f 27/1/9 30/1/12 25/1/7
f 30/1/12 27/1/9 31/1/13
f 25/1/7 32/1/14 28/1/10
f 29/1/11 28/1/10 32/1/14
f 33/1/15 25/1/7 30/1/12
f 31/1/13 33/1/15 30/1/12
f 33/1/15 32/1/14 25/1/7
f 33/1/15 31/1/13 34/1/16
f 29/1/11 32/1/14 35/1/17
f 34/1/16 36/1/18 33/1/15
f 36/1/18 34/1/16 37/1/19
f 38/1/20 33/1/15 36/1/18
f 37/1/19 38/1/20 36/1/18
f 33/1/15 38/1/20 32/1/14
f 38/1/20 37/1/19 39/1/21
f 40/1/22 35/1/17 32/1/14
f 32/1/14 38/1/20 40/1/22
f 35/1/17 40/1/22 39/1/21
f 38/1/20 39/1/21 40/1/22
f 41/1/23 42/1/23 43/1/23
f 41/1/23 43/1/23 44/1/23
f 45/1/23 42/1/23 41/1/23
f 42/1/23 45/1/23 46/1/23
f 43/1/23 42/1/23 47/1/23
f 47/1/23 42/1/23 48/1/23
f 48/1/23 49/1/23 47/1/23
f 49/1/23 48/1/23 50/1/23
f 51/1/23 47/1/23 49/1/23
f 47/1/23 51/1/23 52/1/23
f 53/1/17 54/1/21 55/1/17
f 54/1/21 53/1/17 56/1/21
f 55/1/17 57/1/11 53/1/17
f 54/1/21 56/1/21 58/1/19
f 57/1/11 55/1/17 59/1/11
f 60/1/19 58/1/19 56/1/21
f 57/1/11 59/1/11 61/1/8
f 58/1/19 60/1/19 62/1/16
f 63/1/8 61/1/8 59/1/11
f 64/1/16 62/1/16 60/1/19
f 61/1/8 63/1/8 65/1/9
f 62/1/16 64/1/16 66/1/13
f 67/1/9 65/1/9 63/1/8
f 68/1/13 66/1/13 64/1/16
f 65/1/9 67/1/9 68/1/13
f 66/1/13 68/1/13 67/1/9
f 69/1/6 70/1/6 71/1/6
f 72/1/6 71/1/6 70/1/6
f 71/1/6 72/1/6 73/1/6
f 72/1/6 70/1/6 74/1/6
f 74/1/6 70/1/6 75/1/6
f 72/1/6 74/1/6 76/1/6
f 77/1/6 78/1/6 79/1/6
f 78/1/6 77/1/6 80/1/6
f 81/1/6 79/1/6 78/1/6
f 79/1/6 81/1/6 82/1/6
f 83/1/6 78/1/6 84/1/6
f 85/1/6 78/1/6 83/1/6
f 85/1/6 81/1/6 78/1/6
f 81/1/6 85/1/6 86/1/6
f 81/1/6 86/1/6 87/1/6
f 88/1/13 89/1/13 90/1/13
f 90/1/13 91/1/13 88/1/13
f 92/1/24 93/1/25 94/1/24
f 94/1/24 93/1/25 95/1/26
f 93/1/25 96/1/27 95/1/26
f 95/1/26 96/1/27 97/1/28
f 96/1/27 98/1/29 97/1/28
f 98/1/29 96/1/27 99/1/29
f 100/1/30 101/1/31 102/1/32
f 101/1/31 100/1/30 103/1/31
f 104/1/33 100/1/30 102/1/32
f 105/1/34 100/1/30 104/1/33
f 106/1/35 105/1/34 104/1/33
f 107/1/35 105/1/34 106/1/35
f 108/1/36 109/1/37 110/1/38
f 108/1/36 111/1/39 109/1/37
f 112/1/39 111/1/39 108/1/36
f 110/1/38 109/1/37 113/1/38
f 110/1/38 113/1/38 114/1/40
f 114/1/40 113/1/38 115/1/40
f 116/1/41 117/1/42 118/1/42
f 118/1/42 119/1/41 116/1/41
f 117/1/42 120/1/43 118/1/42
f 116/1/41 119/1/41 121/1/44
f 120/1/43 117/1/42 122/1/43
f 122/1/43 123/1/8 120/1/43
f 120/1/43 123/1/8 124/1/8
f 125/1/44 121/1/44 119/1/41
f 126/1/19 121/1/44 125/1/44
f 121/1/44 126/1/19 127/1/19
f 128/1/17 129/1/17 130/1/17
f 130/1/17 131/1/17 128/1/17
f 132/1/8 133/1/8 134/1/45
f 133/1/8 135/1/45 134/1/45
f 135/1/45 136/1/46 134/1/45
f 136/1/46 135/1/45 137/1/46
f 138/1/47 136/1/46 137/1/46
f 137/1/46 139/1/47 138/1/47
f 138/1/47 139/1/47 140/1/48
f 141/1/48 140/1/48 139/1/47
f 141/1/48 142/1/19 140/1/48
f 142/1/19 141/1/48 143/1/19
f 144/1/49 145/1/49 146/1/17
f 145/1/49 144/1/49 147/1/50
f 145/1/49 147/1/50 148/1/50
f 144/1/49 146/1/17 149/1/17
f 149/1/17 146/1/17 150/1/51
f 149/1/17 150/1/51 151/1/51
f 152/1/52 151/1/51 150/1/51
f 152/1/52 153/1/52 151/1/51
f 154/1/53 155/1/53 156/1/53
f 155/1/53 154/1/53 157/1/53
f 158/1/54 159/1/54 160/1/54
f 161/1/54 160/1/54 159/1/54
f 162/1/8 163/1/8 164/1/8
f 163/1/8 162/1/8 165/1/8
f 162/1/8 166/1/8 165/1/8
f 165/1/8 166/1/8 167/1/8
f 168/1/19 169/1/19 170/1/19
f 168/1/19 170/1/19 171/1/19
f 172/1/19 169/1/19 168/1/19
f 169/1/19 172/1/19 173/1/19
f 174/1/13 175/1/13 176/1/55
f 177/1/55 176/1/55 175/1/13
f 175/1/13 174/1/13 178/1/56
f 179/1/56 178/1/56 174/1/13
f 180/1/8 181/1/8 182/1/8
f 181/1/8 180/1/8 183/1/8
f 180/1/8 184/1/8 183/1/8
f 183/1/8 184/1/8 185/1/8
f 186/1/19 187/1/19 188/1/19
f 186/1/19 188/1/19 189/1/19
f 190/1/19 187/1/19 186/1/19
f 187/1/19 190/1/19 191/1/19
f 192/1/19 193/1/19 194/1/19
f 195/1/19 194/1/19 193/1/19
f 196/1/8 197/1/8 198/1/8
f 197/1/8 196/1/8 199/1/8
f 200/1/57 201/1/57 202/1/8
f 203/1/8 202/1/8 201/1/57
f 202/1/8 203/1/8 204/1/58
f 205/1/58 204/1/58 203/1/8
f 206/1/19 207/1/19 208/1/59
f 209/1/59 208/1/59 207/1/19
f 210/1/60 207/1/19 206/1/19
f 207/1/19 210/1/60 211/1/60
f 212/1/19 213/1/19 214/1/19
f 215/1/19 214/1/19 213/1/19
f 216/1/8 217/1/8 218/1/8
f 217/1/8 216/1/8 219/1/8
f 220/1/61 221/1/62 222/1/61
f 221/1/62 220/1/61 223/1/62
f 222/1/61 224/1/63 220/1/61
f 222/1/61 225/1/63 224/1/63
f 225/1/63 226/1/64 224/1/63
f 227/1/64 226/1/64 225/1/63
f 228/1/17 229/1/65 230/1/17
f 229/1/65 228/1/17 231/1/65
f 230/1/17 232/1/66 228/1/17
f 232/1/66 230/1/17 233/1/66
f 234/1/67 235/1/8 236/1/67
f 235/1/8 234/1/67 237/1/8
f 237/1/8 238/1/68 235/1/8
f 238/1/68 237/1/8 239/1/68
f 240/1/69 241/1/69 242/1/19
f 243/1/19 242/1/19 241/1/69
f 242/1/19 243/1/19 244/1/70
f 245/1/70 244/1/70 243/1/19
f 246/1/71 247/1/72 248/1/72
f 247/1/72 249/1/73 248/1/72
f 249/1/73 247/1/72 250/1/73
f 246/1/71 248/1/72 251/1/71
f 246/1/71 251/1/71 252/1/74
f 252/1/74 251/1/71 253/1/74
f 254/1/75 255/1/75 256/1/75
f 254/1/75 256/1/75 257/1/75
f 258/1/76 259/1/76 260/1/76
f 258/1/76 260/1/76 261/1/76
f 262/1/11 263/1/17 264/1/11
f 263/1/17 262/1/11 265/1/17
f 262/1/11 264/1/11 266/1/8
f 265/1/17 267/1/21 263/1/17
f 268/1/8 266/1/8 264/1/11
f 267/1/21 265/1/17 269/1/21
f 266/1/8 268/1/8 270/1/9
f 267/1/21 269/1/21 271/1/19
f 272/1/9 270/1/9 268/1/8
f 273/1/19 271/1/19 269/1/21
f 270/1/9 272/1/9 274/1/13
f 271/1/19 273/1/19 275/1/16
f 276/1/13 274/1/13 272/1/9
f 277/1/16 275/1/16 273/1/19
f 274/1/13 276/1/13 277/1/16
f 275/1/16 277/1/16 276/1/13
f 278/1/77 279/1/78 280/1/79
f 280/1/79 279/1/78 281/1/80
f 278/1/77 282/1/81 279/1/78
f 283/1/82 280/1/79 281/1/80
f 278/1/77 284/1/83 282/1/81
f 283/1/82 281/1/80 285/1/84
f 284/1/83 285/1/84 282/1/81
f 283/1/82 285/1/84 284/1/83
f 286/1/77 287/1/78 288/1/79
f 288/1/79 287/1/78 289/1/79
f 286/1/77 290/1/83 287/1/78
f 291/1/82 288/1/79 289/1/79
f 286/1/77 292/1/83 290/1/83
f 291/1/82 289/1/79 293/1/84
f 292/1/83 293/1/84 290/1/83
f 291/1/82 293/1/84 292/1/83
f 294/1/16 295/1/16 296/1/19
f 297/1/13 295/1/16 294/1/16
f 294/1/16 296/1/19 298/1/19
f 297/1/13 299/1/13 295/1/16
f 298/1/19 296/1/19 300/1/21
f 301/1/9 299/1/13 297/1/13
f 298/1/19 300/1/21 302/1/21
f 301/1/9 303/1/9 299/1/13
f 304/1/17 302/1/21 300/1/21
f 305/1/8 303/1/9 301/1/9
f 302/1/21 304/1/17 306/1/17
f 305/1/8 307/1/8 303/1/9
f 308/1/11 306/1/17 304/1/17
f 309/1/11 307/1/8 305/1/8
f 306/1/17 308/1/11 309/1/11
f 309/1/11 308/1/11 307/1/8
f 310/1/85 311/1/85 312/1/86
f 312/1/86 311/1/85 313/1/86
f 310/1/85 314/1/87 311/1/85
f 315/1/87 314/1/87 310/1/85
f 315/1/87 316/1/88 314/1/87
f 317/1/88 316/1/88 315/1/87
f 318/1/23 319/1/23 320/1/23
f 319/1/23 318/1/23 321/1/23
f 322/1/23 318/1/23 323/1/23
f 324/1/23 318/1/23 322/1/23
f 325/1/23 321/1/23 318/1/23
f 324/1/23 325/1/23 318/1/23
f 321/1/23 325/1/23 326/1/23
f 325/1/23 324/1/23 327/1/23
f 325/1/23 327/1/23 328/1/23
f 329/1/6 330/1/6 331/1/6
f 330/1/6 329/1/6 332/1/6
f 332/1/6 329/1/6 333/1/6
f 332/1/6 333/1/6 334/1/6
f 333/1/6 329/1/6 335/1/6
f 335/1/6 329/1/6 336/1/6
f 336/1/6 337/1/6 335/1/6
f 337/1/6 336/1/6 338/1/6
f 335/1/6 337/1/6 339/1/6
f 335/1/6 339/1/6 340/1/6
f 341/1/23 342/1/23 343/1/23
f 342/1/23 341/1/23 344/1/23
f 344/1/23 341/1/23 345/1/23
f 344/1/23 346/1/23 342/1/23
f 342/1/23 346/1/23 347/1/23
f 346/1/23 344/1/23 348/1/23
f 349/1/6 350/1/6 351/1/6
f 350/1/6 352/1/6 351/1/6
f 350/1/6 353/1/6 352/1/6
f 353/1/6 354/1/6 352/1/6
f 353/1/6 355/1/6 354/1/6
f 355/1/6 356/1/6 354/1/6
f 357/2/89 358/3/90 359/4/91
f 358/3/90 357/2/89 360/5/92
f 361/3/90 362/2/93 363/4/94
f 362/2/93 361/3/90 364/5/95
f 365/4/96 366/4/94 367/2/97
f 366/4/94 368/2/93 367/2/97
f 369/2/98 370/4/99 365/4/96
f 370/4/99 369/2/98 371/2/100
f 372/4/91 373/4/101 374/2/102
f 372/4/91 374/2/102 375/2/103
f 376/4/104 377/2/105 373/4/101
f 377/2/105 376/4/104 378/2/106
f 379/4/107 380/4/108 378/2/109
f 381/2/110 382/3/111 383/4/112
f 382/3/111 381/2/110 384/5/113
f 385/3/111 386/2/114 387/4/115
f 386/2/114 385/3/111 388/5/113
f 389/4/116 390/2/117 391/2/118
f 390/2/117 389/4/116 392/4/119
f 393/2/120 389/4/116 391/2/118
f 394/4/121 389/4/116 393/2/120
f 395/4/122 396/2/123 397/4/124
f 396/2/123 395/4/122 398/2/125
f 395/4/122 399/2/126 398/2/125
f 399/2/126 395/4/122 400/4/127
f 401/6/128 402/6/129 403/4/130
f 404/5/131 405/3/132 406/4/124
f 404/5/131 406/4/124 407/2/133
f 408/2/134 409/4/119 410/5/135
f 409/4/119 411/3/131 410/5/135
f 412/2/136 413/4/137 414/2/138
f 413/4/137 415/4/138 414/2/138
f 416/4/139 417/4/115 418/2/140
f 417/4/115 419/2/114 418/2/140
f 420/2/141 421/4/142 422/4/143
f 422/4/143 423/2/144 420/2/141
f 424/4/112 425/4/145 426/2/146
f 424/4/112 426/2/146 427/2/110
f 428/4/147 429/2/148 430/4/149
f 431/6/150 432/4/151 433/6/152
f 434/4/153 435/4/154 436/2/155
f 437/7/156 438/4/157 439/3/156
f 438/4/157 437/7/156 440/6/158
f 441/4/159 442/7/156 443/3/156
f 442/7/156 441/4/159 444/6/160
f 445/4/153 446/2/161 447/4/162
f 446/2/161 445/4/153 448/2/163
f 449/6/164 450/4/165 451/6/166
f 452/4/167 453/2/168 454/2/169
f 453/2/168 452/4/167 455/4/170
f 456/2/171 452/4/167 454/2/169
f 457/4/172 452/4/167 456/2/171
f 458/4/173 459/2/174 460/4/175
f 459/2/174 458/4/173 461/2/176
f 458/4/173 462/2/177 461/2/176
f 462/2/177 458/4/173 463/4/178
f 464/4/179 465/2/180 466/4/181
f 467/7/182 468/4/183 469/3/184
f 468/4/183 467/7/182 470/6/185
f 471/4/186 472/7/182 473/3/182
f 472/7/182 471/4/186 474/6/187
f 475/6/188 476/6/189 477/4/190
f 478/4/191 479/2/192 480/2/193
f 479/2/192 478/4/191 481/4/139
f 482/5/194 483/3/195 484/4/175
f 482/5/194 484/4/175 485/2/196
f 486/2/168 487/4/197 488/5/194
f 487/4/197 489/3/198 488/5/194
f 490/4/121 491/2/120 492/4/199
f 493/4/127 494/4/200 495/2/126
f 496/8/201 497/9/202 498/8/202
f 497/9/202 496/8/201 499/9/203
f 500/8/204 501/10/205 502/10/206
f 501/10/205 500/8/204 503/8/207
f 504/4/208 505/6/209 506/4/210
f 505/6/209 504/4/208 507/6/211
f 508/4/212 507/6/211 504/4/208
f 507/6/211 508/4/212 509/6/185
f 510/6/213 511/4/214 512/4/215
f 511/4/214 510/6/213 513/6/216
f 513/6/216 514/4/217 511/4/214
f 514/4/217 513/6/216 515/6/218
f 516/4/219 517/6/220 518/6/221
f 517/6/220 516/4/219 519/4/222
f 518/6/223 520/6/224 521/4/219
f 522/4/225 521/4/219 520/6/224
f 523/4/226 524/6/188 525/4/190
f 524/6/188 523/4/226 526/6/227
f 527/4/228 528/6/229 526/6/230
f 528/6/229 527/4/228 529/4/231
f 530/5/232 531/3/232 532/4/233
f 530/5/232 532/4/233 533/2/234
f 534/2/235 535/4/236 536/5/232
f 535/4/236 537/3/232 536/5/232
f 538/2/136 539/3/237 540/4/238
f 539/3/237 538/2/136 541/5/239
f 542/3/237 543/2/240 544/4/241
f 543/2/240 542/3/237 545/5/239
f 546/4/242 547/6/243 548/4/244
f 547/6/243 546/4/242 549/6/245
f 550/4/246 549/6/245 546/4/242
f 549/6/245 550/4/246 551/6/247
f 552/6/248 553/4/249 554/4/250
f 553/4/249 552/6/248 555/6/251
f 555/6/251 556/4/252 553/4/249
f 556/4/252 555/6/251 557/6/253
f 558/7/254 559/4/255 560/3/254
f 559/4/255 558/7/254 561/6/256
f 562/4/257 563/7/254 564/3/254
f 563/7/254 562/4/257 565/6/258
f 566/2/259 567/4/260 568/2/261
f 569/4/236 568/2/261 567/4/260
f 570/8/262 571/2/263 572/4/262
f 571/2/263 570/8/262 573/9/263
f 574/4/264 575/2/265 576/2/266
f 577/4/233 574/4/264 576/2/266
f 578/8/267 579/6/268 580/10/268
f 579/6/268 578/8/267 581/4/267
f 582/4/172 583/2/171 584/4/269
f 585/4/178 586/4/270 587/2/177
f 588/7/271 589/11/272 590/12/271
f 589/11/272 588/7/271 591/6/273
f 592/6/274 593/7/275 594/11/276
f 594/11/276 593/7/275 595/12/271
f 596/6/277 597/6/278 598/4/279
f 599/6/280 600/4/281 601/6/282
f 602/13/283 603/11/284 604/13/285
f 603/11/284 602/13/283 605/11/283
f 606/7/286 607/4/287 608/3/288
f 607/4/287 606/7/286 609/6/289
f 610/4/290 611/7/286 612/3/291
f 611/7/286 610/4/290 613/6/292
f 614/11/293 615/13/294 616/13/295
f 615/13/294 614/11/293 617/11/294
f 618/8/296 619/9/203 620/8/297
f 619/9/203 618/8/296 621/9/298
f 618/8/296 622/9/299 621/9/298
f 622/9/299 618/8/296 623/8/300
f 624/5/301 625/3/301 626/4/302
f 624/5/301 626/4/302 627/2/303
f 628/2/304 629/4/305 630/5/301
f 629/4/305 631/3/301 630/5/301
f 632/4/306 633/2/307 634/2/308
f 633/2/307 632/4/306 635/4/309
f 636/4/310 637/2/311 638/4/312
f 637/2/311 636/4/310 639/2/313
f 640/6/314 641/7/315 642/11/316
f 642/11/316 641/7/315 643/12/317
f 644/7/315 645/11/318 646/12/317
f 645/11/318 644/7/315 647/6/319
f 648/4/320 649/2/321 650/2/322
f 649/2/321 648/4/320 651/4/305
f 652/4/323 653/2/303 654/4/302
f 653/2/303 652/4/323 655/2/324
f 656/2/325 657/4/326 658/4/320
f 657/4/326 656/2/325 659/2/327
f 660/2/324 661/4/328 662/2/329
f 661/4/328 660/2/324 663/4/323
f 664/4/255 665/6/330 666/4/331
f 665/6/330 664/4/255 667/6/332
f 668/6/333 669/4/257 670/4/334
f 669/4/257 668/6/333 671/6/335
f 672/6/336 673/6/337 674/4/338
f 675/6/339 676/4/340 677/6/341
f 678/4/231 679/7/342 680/6/343
f 679/7/342 678/4/231 681/3/344
f 682/7/342 683/4/225 684/6/224
f 683/4/225 682/7/342 685/3/344
f 686/4/345 687/6/346 688/4/347
f 687/6/346 686/4/345 689/6/348
f 690/4/349 691/2/350 692/2/351
f 691/2/350 690/4/349 693/4/352
f 694/2/353 690/4/349 692/2/351
f 695/4/354 690/4/349 694/2/353
f 696/6/355 697/4/356 698/4/357
f 697/4/356 696/6/355 699/6/358
f 700/4/359 701/2/360 702/4/361
f 701/2/360 700/4/359 703/2/362
f 700/4/359 704/2/363 703/2/362
f 704/2/363 700/4/359 705/4/364
f 706/5/365 707/3/365 708/4/366
f 706/5/365 708/4/366 709/2/360
f 710/2/350 711/4/367 712/5/368
f 711/4/367 713/3/369 712/5/368
f 714/6/370 715/4/371 716/6/372
f 715/4/371 714/6/370 717/4/345
f 718/4/331 719/6/373 720/4/374
f 719/6/373 718/4/331 721/6/375
f 722/6/376 723/4/377 724/4/356
f 723/4/377 722/6/376 725/6/378
f 726/6/379 727/4/334 728/4/380
f 727/4/334 726/6/379 729/6/381
f 730/4/382 731/7/383 732/6/384
f 731/7/383 730/4/382 733/3/385
f 734/3/386 735/6/387 736/7/383
f 735/6/387 734/3/386 737/4/388
f 738/8/389 739/10/206 740/10/390
f 739/10/206 738/8/389 741/8/391
f 740/10/390 742/10/392 738/8/389
f 743/8/393 738/8/389 742/10/392
f 743/8/394 744/10/395 745/8/396
f 746/4/326 747/2/327 748/4/397
f 749/4/328 750/4/398 751/2/329
f 752/6/399 753/4/400 754/6/401
f 753/4/400 752/6/399 755/4/402
f 753/4/400 756/6/384 754/6/401
f 756/6/384 753/4/400 757/4/382
f 758/7/403 759/4/404 760/3/405
f 759/4/404 758/7/403 761/6/406
f 762/4/407 763/7/403 764/3/408
f 763/7/403 762/4/407 765/6/409
f 766/6/410 767/4/411 768/4/412
f 767/4/411 766/6/410 769/6/413
f 769/6/413 770/6/414 767/4/411
f 771/4/388 767/4/411 770/6/414
f 772/4/415 773/2/416 774/4/417
f 775/6/418 776/6/419 777/4/420
f 778/4/421 779/4/422 780/2/423
f 781/11/424 782/6/314 783/11/316
f 782/6/314 781/11/424 784/6/425
f 785/6/426 784/6/425 781/11/424
f 781/11/424 786/11/427 785/6/426
f 787/6/319 788/11/428 789/11/318
f 788/11/428 787/6/319 790/6/429
f 788/11/428 790/6/429 791/6/430
f 792/11/431 788/11/428 791/6/430
f 793/6/432 794/4/433 795/6/434
f 796/6/435 797/6/436 798/4/437
f 799/6/438 800/4/380 801/6/439
f 802/4/440 803/6/441 804/4/442
f 803/6/441 802/4/440 805/6/443
f 806/6/444 807/4/445 808/4/446
f 807/4/445 806/6/444 809/6/447
f 810/6/448 811/4/449 812/6/450
f 811/4/449 810/6/448 813/4/440
f 814/6/451 815/4/452 816/4/445
f 815/4/452 814/6/451 817/6/453
f 818/4/454 819/2/353 820/4/455
f 821/4/456 822/4/457 823/2/363
f 824/6/458 825/6/459 826/4/347
f 827/6/460 828/4/357 829/6/461
f 830/7/462 831/11/463 832/12/462
f 831/11/463 830/7/462 833/6/464
f 834/6/465 835/7/462 836/11/466
f 836/11/466 835/7/462 837/12/462
f 838/8/467 839/2/467 840/4/467
f 839/2/467 838/8/467 841/9/467
f 842/8/468 843/6/468 844/10/468
f 843/6/468 842/8/468 845/4/468
f 846/6/469 847/6/470 848/4/471
f 849/6/472 850/4/473 851/6/474
f 852/11/475 853/12/476 854/13/285
f 854/13/285 853/12/476 855/14/476
f 856/12/476 857/13/295 858/14/476
f 857/13/295 856/12/476 859/11/477
f 860/8/478 861/9/479 862/8/480
f 861/9/479 860/8/478 863/9/481
f 864/8/482 865/10/483 866/10/484
f 865/10/483 864/8/482 867/8/485
f 868/9/486 869/4/487 870/8/488
f 869/4/487 868/9/486 871/2/489
f 872/10/490 873/4/491 874/6/491
f 873/4/491 872/10/490 875/8/492
f 876/11/493 877/13/494 878/12/495
f 877/13/494 879/14/496 878/12/495
f 880/12/495 881/14/497 882/13/498
f 880/12/495 882/13/498 883/11/499
f 884/4/500 885/2/501 886/4/502
f 887/12/503 888/6/504 889/7/503
f 888/6/504 887/12/503 890/11/505
f 891/6/506 892/12/503 893/7/503
f 892/12/503 891/6/506 894/11/507
f 895/11/499 896/13/508 897/11/509
f 896/13/508 895/11/499 898/13/498
f 899/13/510 900/11/493 901/11/511
f 900/11/493 899/13/510 902/13/494
f 903/11/512 904/6/506 905/6/513
f 904/6/506 903/11/512 906/11/507
f 905/6/513 907/6/514 903/11/512
f 903/11/512 907/6/514 908/11/515
f 909/6/504 910/11/516 911/6/517
f 910/11/516 909/6/504 912/11/505
f 913/6/518 911/6/517 910/11/516
f 913/6/518 910/11/516 914/11/519
f 915/6/520 916/11/521 917/11/522
f 916/11/521 915/6/520 918/6/523
f 918/6/523 919/6/524 916/11/521
f 916/11/521 919/6/524 920/11/525
f 921/6/526 922/11/527 923/6/528
f 922/11/527 921/6/526 924/11/529
f 925/6/530 923/6/528 922/11/527
f 925/6/530 922/11/527 926/11/531
f 927/3/532 928/7/532 929/6/533
f 927/3/532 929/6/533 930/4/534
f 931/4/535 932/6/536 933/3/532
f 932/6/536 934/7/532 933/3/532
f 935/9/537 936/8/538 937/8/539
f 936/8/538 935/9/537 938/9/538
f 939/8/540 940/8/541 941/10/542
f 940/8/541 942/10/541 941/10/542
f 943/9/543 944/8/544 945/8/545
f 944/8/544 943/9/543 946/9/546
f 947/9/481 944/8/544 946/9/546
f 944/8/544 947/9/481 948/8/478
f 949/11/547 950/11/548 951/6/549
f 952/11/550 953/6/551 954/11/552
f 955/11/553 956/11/554 957/6/555
f 958/9/556 959/8/539 960/8/557
f 959/8/539 958/9/556 961/9/537
f 962/8/558 963/8/540 964/10/559
f 963/8/540 965/10/542 964/10/559
f 966/4/560 967/4/561 968/2/562
f 966/4/560 968/2/562 969/2/563
f 970/4/564 971/2/565 967/4/561
f 971/2/565 970/4/564 972/2/566
f 973/4/567 974/4/568 972/2/569
f 975/6/570 976/4/571 977/4/572
f 976/4/571 975/6/570 978/6/573
f 979/6/574 976/4/571 978/6/573
f 976/4/571 979/6/574 980/4/535
f 981/4/575 982/4/576 983/2/577
f 982/4/576 984/2/578 983/2/577
f 985/2/579 986/4/580 981/4/575
f 986/4/580 985/2/579 987/2/581
f 988/4/582 987/2/583 989/4/584
f 990/8/585 991/10/586 992/8/587
f 990/8/585 993/8/588 994/10/589
f 993/8/588 995/10/590 994/10/589
f 993/8/588 996/10/591 995/10/590
f 996/10/591 993/8/588 997/8/482
f 998/6/592 999/4/593 1000/6/594
f 999/4/593 998/6/592 1001/4/595
f 1000/6/594 999/4/593 1002/6/596
f 1003/4/534 1002/6/596 999/4/593
f 1004/6/597 1005/11/598 1006/11/599
f 1006/11/599 1007/6/600 1004/6/597
f 1008/6/465 1009/11/601 1010/6/602
f 1009/11/601 1011/11/603 1010/6/602
f 1012/11/604 1013/6/605 1014/11/606
f 1015/6/526 1016/7/607 1017/11/529
f 1017/11/529 1016/7/607 1018/12/607
f 1019/7/607 1020/11/522 1021/12/607
f 1020/11/522 1019/7/607 1022/6/520
f 1023/15/608 1024/16/609 1025/16/610
f 1024/16/609 1023/15/608 1026/15/611
f 1027/10/612 1028/10/613 1029/16/614
f 1028/10/613 1030/16/615 1029/16/614
f 1031/12/616 1032/14/616 1033/13/617
f 1031/12/616 1033/13/617 1034/11/618
f 1035/11/619 1036/13/620 1037/12/616
f 1036/13/620 1038/14/616 1037/12/616
f 1039/6/621 1040/11/622 1041/11/272
f 1040/11/622 1039/6/621 1042/6/623
f 1043/11/624 1042/6/625 1044/6/626
f 1045/11/627 1043/11/624 1044/6/626
f 1045/11/628 1046/6/629 1047/11/630
f 1048/6/631 1049/11/632 1050/6/633
f 1049/11/632 1048/6/631 1051/11/276
f 1052/6/634 1050/6/635 1053/11/636
f 1052/6/634 1053/11/636 1054/11/637
f 1054/11/638 1055/11/639 1056/6/640
f 1057/2/641 1058/8/642 1059/9/643
f 1058/8/642 1057/2/641 1060/4/643
f 1061/8/644 1062/6/645 1063/10/646
f 1062/6/645 1061/8/644 1064/4/646
f 1065/16/647 1066/11/648 1067/13/649
f 1067/13/649 1068/15/650 1065/16/647
f 1069/6/651 1070/16/652 1071/10/653
f 1070/16/652 1069/6/651 1072/11/654
f 1073/13/655 1074/11/656 1075/13/657
f 1076/13/658 1077/13/659 1078/11/660
f 1079/2/661 1080/3/662 1081/4/560
f 1080/3/662 1079/2/661 1082/5/663
f 1083/12/503 1084/6/504 1085/7/503
f 1084/6/504 1083/12/503 1086/11/505
f 1087/6/506 1088/12/503 1089/7/503
f 1088/12/503 1087/6/506 1090/11/507
f 1091/3/662 1092/2/578 1093/4/664
f 1092/2/578 1091/3/662 1094/5/665
f 1095/11/666 1096/13/667 1097/13/668
f 1096/13/667 1095/11/666 1098/11/669
f 1099/13/670 1098/11/671 1100/11/672
f 1100/11/672 1101/13/673 1099/13/670
f 1102/15/674 1103/16/675 1104/16/676
f 1103/16/675 1102/15/674 1105/15/677
f 1106/6/410 1107/4/678 1108/6/679
f 1109/11/680 1110/6/681 1111/11/682
f 1112/10/683 1113/10/684 1114/16/685
f 1113/10/684 1115/16/686 1114/16/685
f 1116/11/687 1117/11/688 1118/6/689
f 1119/11/690 1120/6/691 1121/11/692
f 1122/11/693 1123/11/694 1124/6/530
f 1125/8/695 1126/9/696 1127/9/697
f 1126/9/696 1125/8/695 1128/8/698
f 1129/9/699 1130/8/700 1127/9/701
f 1129/9/699 1131/8/702 1130/8/700
f 1132/11/703 1133/12/704 1134/13/705
f 1134/13/705 1133/12/704 1135/14/706
f 1136/13/707 1137/11/708 1138/13/705
f 1137/11/708 1136/13/707 1139/11/709
f 1139/11/710 1140/13/711 1141/11/712
f 1141/11/712 1140/13/711 1142/13/713
f 1142/13/714 1143/13/715 1144/11/716
f 1145/8/717 1146/10/718 1147/10/719
f 1146/10/718 1145/8/717 1148/8/720
f 1149/8/721 1147/10/722 1150/10/723
f 1151/8/724 1149/8/721 1150/10/723
f 1152/12/704 1153/13/725 1154/14/706
f 1153/13/725 1152/12/704 1155/11/726
f 1156/6/727 1157/6/728 1158/4/402
f 1159/6/729 1160/11/730 1161/6/731
f 1160/11/730 1159/6/729 1162/11/732
f 1163/11/733 1164/6/734 1165/11/735
f 1165/11/735 1164/6/734 1166/6/736
f 1167/9/737 1168/8/557 1169/8/738
f 1168/8/557 1167/9/737 1170/9/739
f 1171/15/611 1172/16/740 1173/16/741
f 1172/16/740 1171/15/611 1174/15/742
f 1175/6/743 1176/6/744 1177/11/745
f 1177/11/745 1176/6/744 1178/11/746
f 1179/6/747 1180/11/748 1181/11/749
f 1179/6/747 1182/6/750 1180/11/748
f 1183/11/512 1184/6/506 1185/6/513
f 1184/6/506 1183/11/512 1186/11/507
f 1185/6/513 1187/6/751 1183/11/512
f 1183/11/512 1187/6/751 1188/11/752
f 1188/11/753 1189/6/754 1190/11/755
f 1191/3/532 1192/7/532 1193/6/533
f 1191/3/532 1193/6/533 1194/4/534
f 1195/4/535 1196/6/536 1197/3/532
f 1196/6/536 1198/7/532 1197/3/532
f 1199/11/756 1200/13/757 1201/11/758
f 1202/13/759 1201/11/758 1200/13/757
f 1203/11/760 1204/13/761 1205/13/762
f 1205/13/762 1206/11/763 1203/11/760
f 1207/6/764 1208/11/516 1209/6/517
f 1208/11/516 1207/6/764 1210/11/505
f 1211/6/765 1209/6/517 1208/11/516
f 1211/6/765 1208/11/516 1212/11/766
f 1212/11/767 1213/11/768 1214/6/769
f 1215/6/770 1216/7/771 1217/11/772
f 1217/11/772 1216/7/771 1218/12/773
f 1219/7/771 1220/11/774 1221/12/773
f 1220/11/774 1219/7/771 1222/6/775
f 1223/6/776 1224/4/571 1225/4/777
f 1224/4/571 1223/6/776 1226/6/573
f 1227/6/536 1224/4/571 1226/6/573
f 1224/4/571 1227/6/536 1228/4/535
f 1229/6/778 1230/4/779 1231/6/780
f 1230/4/779 1229/6/778 1232/4/781
f 1231/6/780 1230/4/779 1233/6/533
f 1234/4/534 1233/6/533 1230/4/779
f 1235/10/782 1236/16/783 1237/10/784
f 1238/16/783 1235/10/785 1239/10/786
f 1239/10/786 1240/16/787 1238/16/783
f 1241/11/788 1242/11/789 1243/6/790
f 1244/11/791 1245/6/792 1246/11/793
f 1247/6/794 1248/11/795 1249/6/796
f 1248/11/795 1247/6/794 1250/11/797
f 1251/6/798 1249/6/796 1248/11/795
f 1251/6/798 1248/11/795 1252/11/799
f 1253/6/800 1254/11/801 1255/11/802
f 1254/11/801 1253/6/800 1256/6/803
f 1256/6/803 1257/6/804 1254/11/801
f 1254/11/801 1257/6/804 1258/11/805
f 1259/13/806 1260/11/807 1261/13/808
f 1262/12/503 1263/6/504 1264/7/503
f 1263/6/504 1262/12/503 1265/11/505
f 1266/6/506 1267/12/503 1268/7/503
f 1267/12/503 1266/6/506 1269/11/507
f 1270/13/809 1271/11/810 1272/13/811
f 1273/13/812 1274/13/813 1275/11/814
f 1276/4/815 1277/4/816 1278/2/817
f 1279/2/818 1280/4/819 1278/2/820
f 1280/4/819 1279/2/818 1281/4/821
f 1282/6/794 1283/7/822 1284/11/797
f 1284/11/797 1283/7/822 1285/12/823
f 1286/7/822 1287/11/802 1288/12/823
f 1287/11/802 1286/7/822 1289/6/800
f 1290/16/824 1291/15/825 1292/16/826
f 1293/11/512 1294/6/506 1295/6/513
f 1294/6/506 1293/11/512 1296/11/507
f 1295/6/513 1297/6/827 1293/11/512
f 1293/11/512 1297/6/827 1298/11/828
f 1299/11/829 1300/12/830 1301/13/831
f 1301/13/831 1300/12/830 1302/14/830
f 1303/12/830 1304/13/832 1305/14/830
f 1303/12/830 1306/11/833 1304/13/832
f 1307/6/504 1308/11/516 1309/6/517
f 1308/11/516 1307/6/504 1310/11/505
f 1311/6/834 1309/6/517 1308/11/516
f 1311/6/834 1308/11/516 1312/11/835
f 1313/8/836 1314/10/837 1315/8/838
f 1316/8/839 1317/10/840 1313/8/841
f 1318/10/842 1317/10/840 1316/8/839
f 1319/12/843 1320/14/844 1321/13/845
f 1319/12/843 1321/13/845 1322/11/846
f 1323/11/847 1324/13/848 1325/12/849
f 1324/13/848 1326/14/850 1325/12/849
f 1327/11/805 1328/6/851 1329/11/852
f 1330/11/799 1331/11/853 1332/6/798
f 1333/13/854 1334/11/829 1335/13/831
f 1334/11/829 1333/13/854 1336/11/855
f 1337/13/856 1338/13/857 1339/11/858
f 1340/3/532 1341/7/532 1342/6/533
f 1340/3/532 1342/6/533 1343/4/534
f 1344/4/535 1345/6/536 1346/3/532
f 1345/6/536 1347/7/532 1346/3/532
f 1348/11/859 1349/13/860 1350/11/833
f 1351/6/689 1352/11/861 1353/11/862
f 1352/11/861 1351/6/689 1354/6/863
f 1355/11/864 1356/13/865 1357/11/866
f 1356/13/865 1355/11/864 1358/13/867
f 1357/11/866 1359/13/865 1360/11/868
f 1361/6/869 1362/11/870 1363/11/871
f 1363/11/871 1364/6/872 1361/6/869
f 1362/11/873 1365/6/874 1366/11/550
f 1367/6/875 1365/6/874 1362/11/873
f 1368/11/876 1369/6/877 1364/6/878
f 1364/6/878 1370/11/871 1368/11/876
f 1371/6/879 1372/6/691 1373/11/880
f 1373/11/880 1372/6/691 1374/11/881
f 1375/9/299 1376/8/882 1377/9/883
f 1378/6/884 1379/11/885 1380/11/886
f 1381/6/887 1379/11/885 1378/6/884
f 1382/6/549 1383/6/888 1380/11/889
f 1382/6/549 1380/11/889 1384/11/547
f 1385/11/890 1386/11/891 1381/6/892
f 1387/6/893 1385/11/890 1381/6/892
f 1388/9/894 1389/8/895 1390/8/896
f 1389/8/895 1388/9/894 1391/9/696
f 1392/13/897 1393/11/898 1394/11/899
f 1393/11/898 1392/13/897 1395/13/848
f 1396/11/900 1397/13/901 1394/11/899
f 1398/11/902 1399/13/903 1400/11/904
f 1400/11/904 1399/13/903 1401/13/905
f 1402/11/906 1403/13/907 1404/13/908
f 1404/13/908 1405/11/909 1402/11/906
f 1406/6/910 1407/4/571 1408/4/911
f 1407/4/571 1406/6/910 1409/6/573
f 1410/6/574 1407/4/571 1409/6/573
f 1407/4/571 1410/6/574 1411/4/535
f 1412/6/912 1413/4/593 1414/6/780
f 1413/4/593 1412/6/912 1415/4/913
f 1414/6/780 1413/4/593 1416/6/596
f 1417/4/534 1416/6/596 1413/4/593
f 1418/11/914 1419/6/915 1420/11/916
f 1420/11/916 1419/6/915 1421/6/917
f 1422/6/918 1423/11/919 1424/11/920
f 1422/6/918 1425/6/921 1423/11/919
f 1426/6/922 1427/11/923 1428/6/924
f 1427/11/923 1426/6/922 1429/11/925
f 1430/6/926 1431/6/927 1432/11/928
f 1432/11/928 1431/6/927 1433/11/929
f 1434/3/930 1435/2/931 1436/5/932
f 1435/2/931 1434/3/930 1437/4/933
f 1438/3/930 1439/2/934 1440/4/935
f 1439/2/934 1438/3/930 1441/5/936
f 1442/11/937 1443/13/938 1444/11/939
f 1443/13/938 1442/11/937 1445/13/940
f 1446/13/941 1447/11/859 1448/11/942
f 1447/11/859 1446/13/941 1449/13/943
f 1450/14/944 1451/11/945 1452/13/946
f 1451/11/945 1450/14/944 1453/12/947
f 1454/11/948 1455/13/949 1452/13/946
f 1455/13/949 1454/11/948 1456/11/950
f 1457/13/949 1456/11/951 1458/11/952
f 1458/11/952 1459/13/953 1457/13/949
f 1460/16/954 1461/15/955 1462/16/956
f 1463/13/957 1464/11/958 1465/13/959
f 1464/11/958 1463/13/957 1466/11/960
f 1466/11/961 1467/13/957 1468/11/962
f 1468/11/962 1467/13/957 1469/13/963
f 1470/13/964 1471/13/965 1472/11/868
f 1473/6/917 1474/7/966 1475/11/967
f 1475/11/967 1474/7/966 1476/12/968
f 1477/7/966 1478/11/969 1479/12/968
f 1478/11/969 1477/7/966 1480/6/970
f 1481/11/515 1482/6/971 1483/11/972
f 1484/4/973 1485/2/974 1486/4/933
f 1487/2/931 1486/4/933 1485/2/974
f 1488/2/975 1484/4/973 1489/4/976
f 1490/2/977 1491/4/978 1492/4/935
f 1490/2/977 1492/4/935 1493/2/979
f 1494/2/980 1495/4/981 1491/4/978
f 1496/6/982 1497/4/983 1498/6/984
f 1499/11/985 1500/12/947 1501/13/959
f 1501/13/959 1500/12/947 1502/14/944
f 1503/16/986 1504/15/987 1505/16/988
f 1506/12/989 1507/6/504 1508/7/503
f 1507/6/504 1506/12/989 1509/11/505
f 1510/6/506 1511/12/503 1512/7/503
f 1511/12/503 1510/6/506 1513/11/507
f 1514/11/929 1515/6/990 1516/11/991
f 1517/13/992 1518/11/900 1519/13/993
f 1520/11/994 1521/11/995 1522/6/996
f 1523/11/997 1524/11/998 1525/6/999
f 1526/8/1000 1527/10/1001 1528/8/1002
f 1526/8/1003 1529/8/1004 1530/10/1005
f 1529/8/1004 1531/10/723 1530/10/1005
f 1532/6/592 1533/6/1006 1534/4/1007
f 1535/11/512 1536/6/506 1537/6/513
f 1536/6/506 1535/11/512 1538/11/507
f 1537/6/513 1539/6/1008 1535/11/512
f 1535/11/512 1539/6/1008 1540/11/1009
f 1541/6/504 1542/11/516 1543/6/517
f 1542/11/516 1541/6/504 1544/11/505
f 1545/6/1010 1543/6/517 1542/11/516
f 1545/6/1010 1542/11/516 1546/11/1011
f 1547/4/500 1548/2/1012 1549/2/1013
f 1548/2/1012 1547/4/500 1550/4/1014
f 1551/11/1015 1552/6/1016 1553/6/1017
f 1551/11/1015 1553/6/1017 1554/11/1018
f 1555/6/1019 1556/6/1020 1557/11/603
f 1555/6/1019 1557/11/603 1558/11/1021
f 1559/12/843 1560/14/850 1561/13/845
f 1559/12/843 1561/13/845 1562/11/846
f 1563/11/847 1564/13/848 1565/12/849
f 1564/13/848 1566/14/850 1565/12/849
f 1567/13/963 1568/13/1022 1569/11/962
f 1570/13/938 1571/13/1023 1572/11/1024
f 1573/13/941 1574/11/1025 1575/13/1026
f 1576/13/1027 1577/11/1028 1578/13/1029
f 1579/16/954 1580/15/955 1581/16/1030
f 1582/3/532 1583/7/532 1584/6/533
f 1582/3/532 1584/6/533 1585/4/534
f 1586/4/535 1587/6/536 1588/3/532
f 1587/6/536 1589/7/532 1588/3/532
f 1590/3/1031 1591/6/1032 1592/7/1031
f 1591/6/1032 1590/3/1031 1593/4/1033
f 1594/3/1031 1595/6/1034 1596/4/1035
f 1595/6/1034 1594/3/1031 1597/7/1031
f 1598/11/864 1599/13/1036 1600/11/866
f 1599/13/1036 1598/11/864 1601/13/1037
f 1600/11/866 1602/13/865 1603/11/1038
f 1604/6/1039 1605/4/1040 1606/6/1041
f 1607/11/1042 1608/6/430 1609/11/1043
f 1610/13/897 1611/11/898 1612/11/899
f 1611/11/898 1610/13/897 1613/13/1044
f 1614/11/1045 1615/13/1046 1612/11/899
f 1616/13/1047 1617/11/1048 1618/13/1049
f 1619/11/1050 1618/13/1049 1617/11/1048
f 1617/11/1048 1616/13/1047 1620/11/1051
f 1621/13/1052 1620/11/1051 1616/13/1047
f 1622/3/1053 1623/6/1054 1624/7/1053
f 1623/6/1054 1622/3/1053 1625/4/1055
f 1626/3/1053 1627/6/1056 1628/4/1057
f 1627/6/1056 1626/3/1053 1629/7/1053
f 1630/9/1058 1631/8/545 1632/9/1059
f 1633/4/1060 1634/4/1061 1635/2/1062
f 1636/6/1063 1637/4/571 1638/4/1064
f 1637/4/571 1636/6/1063 1639/6/573
f 1640/6/574 1637/4/571 1639/6/573
f 1637/4/571 1640/6/574 1641/4/535
f 1642/4/1065 1643/6/1066 1644/4/1067
f 1643/6/1066 1642/4/1065 1645/6/1068
f 1642/4/1065 1646/6/1069 1645/6/1068
f 1646/6/1069 1642/4/1065 1647/4/1070
f 1648/6/1071 1649/4/593 1650/6/780
f 1649/4/593 1648/6/1071 1651/4/1072
f 1650/6/780 1649/4/593 1652/6/596
f 1653/4/534 1652/6/596 1649/4/593
f 1654/6/1073 1655/4/1074 1656/4/151
f 1655/4/1074 1654/6/1073 1657/6/1075
f 1657/6/1075 1658/6/1076 1655/4/1074
f 1659/4/1077 1655/4/1074 1658/6/1076
f 1660/6/1078 1661/12/1079 1662/7/1080
f 1661/12/1079 1660/6/1078 1663/11/1081
f 1664/12/1079 1665/6/1082 1666/7/1080
f 1665/6/1082 1664/12/1079 1667/11/1083
f 1668/6/1084 1669/6/1085 1670/4/1086
f 1671/3/1087 1672/6/1088 1673/7/1087
f 1672/6/1088 1671/3/1087 1674/4/1089
f 1675/4/981 1676/2/1090 1677/4/1091
f 1678/3/1087 1679/6/1092 1680/4/1093
f 1679/6/1092 1678/3/1087 1681/7/1087
f 1682/6/1094 1683/4/1095 1684/4/1096
f 1683/4/1095 1682/6/1094 1685/6/1097
f 1686/6/1098 1684/4/1099 1687/6/1100
f 1688/4/1101 1685/6/1102 1689/6/1103
f 1685/6/1102 1688/4/1101 1690/4/1104
f 1691/11/1105 1692/12/1106 1693/13/1107
f 1693/13/1107 1692/12/1106 1694/14/1106
f 1695/12/1106 1696/13/1108 1697/14/1106
f 1696/13/1108 1695/12/1106 1698/11/1109
f 1699/6/1110 1700/4/1111 1701/6/1112
f 1700/4/1111 1699/6/1110 1702/4/1113
f 1703/6/1114 1704/6/1115 1702/4/1116
f 1705/4/1117 1701/6/1118 1706/4/1119
f 1701/6/1118 1705/4/1117 1707/6/1120
f 1708/16/1121 1709/15/1122 1710/16/1123
f 1711/3/930 1712/2/931 1713/5/936
f 1712/2/931 1711/3/930 1714/4/933
f 1715/3/930 1716/2/934 1717/4/935
f 1716/2/934 1715/3/930 1718/5/1124
f 1719/15/1125 1720/16/1126 1721/16/1127
f 1719/15/1125 1721/16/1127 1722/15/1128
f 1723/11/1129 1724/11/1130 1725/6/1131
f 1726/16/1132 1727/10/1133 1728/10/1134
f 1727/10/1133 1726/16/1132 1729/16/1135
f 1730/6/1136 1731/11/1137 1732/11/861
f 1730/6/1136 1733/6/1138 1731/11/1137
f 1734/11/1139 1735/6/1140 1736/6/1141
f 1734/11/1139 1736/6/1141 1737/11/880
f 1738/13/1142 1739/11/1143 1740/13/1144
f 1739/11/1143 1738/13/1142 1741/11/1145
f 1741/11/1145 1742/13/1146 1743/11/1147
f 1743/11/1147 1742/13/1146 1744/13/1148
f 1745/11/828 1746/6/1149 1747/11/1150
f 1748/11/1151 1749/13/1152 1750/11/1153
f 1749/13/1152 1748/11/1151 1751/13/1154
f 1752/11/1155 1753/13/1156 1754/13/1157
f 1753/13/1156 1752/11/1155 1755/11/1158
f 1756/11/1159 1757/13/1160 1758/13/1161
f 1757/13/1160 1756/11/1159 1759/11/1162
f 1757/13/1160 1759/11/1162 1760/11/1163
f 1760/11/1163 1761/13/1164 1757/13/1160
f 1761/13/1165 1762/11/1166 1763/13/1167
f 1764/11/1168 1765/13/1169 1766/13/1170
f 1766/13/1170 1767/11/1170 1764/11/1168
f 1765/13/1169 1768/11/1168 1769/13/1171
f 1770/4/1172 1771/2/974 1772/4/933
f 1773/2/931 1772/4/933 1771/2/974
f 1774/2/975 1770/4/973 1775/4/1173
f 1775/4/1174 1776/4/1175 1777/2/1176
f 1778/11/1177 1779/13/1178 1780/13/1179
f 1779/13/1178 1778/11/1177 1781/11/1180
f 1782/13/1178 1781/11/1181 1783/11/1182
f 1782/13/1178 1783/11/1182 1784/13/1183
f 1785/12/503 1786/6/504 1787/7/503
f 1786/6/504 1785/12/503 1788/11/505
f 1789/6/506 1790/12/503 1791/7/503
f 1790/12/503 1789/6/506 1792/11/507
f 1793/11/1184 1794/13/1185 1795/11/1186
f 1794/13/1185 1793/11/1184 1796/13/1187
f 1797/11/1188 1795/11/1189 1798/13/1185
f 1797/11/1188 1798/13/1185 1799/13/1190
f 1800/2/977 1801/4/978 1802/4/935
f 1800/2/977 1802/4/935 1803/2/934
f 1804/2/1191 1805/4/1192 1801/4/978
f 1805/4/1192 1804/2/1191 1806/4/1193
f 1807/11/1194 1808/11/1195 1809/6/1196
f 1810/11/1197 1811/13/1198 1812/11/1198
f 1811/13/1198 1810/11/1197 1813/13/1199
f 1814/11/1200 1813/13/1199 1810/11/1197
f 1814/11/1200 1815/13/1201 1813/13/1199
f 1816/13/1202 1817/13/1203 1818/11/1204
f 1819/13/1205 1820/13/1206 1821/11/1188
f 1822/13/1207 1823/13/1208 1824/11/1038
f 1825/4/1033 1826/6/1209 1827/6/1210
f 1826/6/1209 1825/4/1033 1828/4/1211
f 1829/4/1212 1830/6/1213 1831/4/1214
f 1830/6/1213 1829/4/1212 1832/6/1034
f 1833/9/1215 1834/8/1216 1835/9/1217
f 1836/12/843 1837/14/850 1838/13/867
f 1836/12/843 1838/13/867 1839/11/846
f 1840/11/847 1841/13/848 1842/12/843
f 1841/13/848 1843/14/850 1842/12/843
f 1844/11/512 1845/6/506 1846/6/513
f 1845/6/506 1844/11/512 1847/11/507
f 1846/6/513 1848/6/1218 1844/11/512
f 1844/11/512 1848/6/1218 1849/11/1219
f 1849/11/1220 1850/6/1221 1851/11/1222
f 1852/13/1223 1853/11/1045 1854/13/1224
f 1855/6/764 1856/11/516 1857/6/517
f 1856/11/516 1855/6/764 1858/11/505
f 1859/6/1225 1857/6/517 1856/11/516
f 1859/6/1225 1856/11/516 1860/11/1226
f 1860/11/1226 1861/11/1227 1862/6/1228
f 1863/11/864 1864/13/865 1865/11/866
f 1864/13/865 1863/11/864 1866/13/1037
f 1865/11/1229 1867/13/865 1868/11/1230
f 1869/9/1231 1870/8/1232 1871/9/1233
f 1872/13/897 1873/11/898 1874/11/1234
f 1873/11/898 1872/13/897 1875/13/848
f 1876/11/1235 1877/13/1236 1874/11/899
f 1878/3/532 1879/7/532 1880/6/533
f 1878/3/532 1880/6/533 1881/4/534
f 1882/4/535 1883/6/536 1884/3/532
f 1883/6/536 1885/7/532 1884/3/532
f 1886/10/1237 1887/16/1238 1888/10/1239
f 1889/16/1240 1886/10/1241 1890/10/1242
f 1890/10/1242 1891/16/1243 1889/16/1240
f 1892/13/1244 1893/11/1245 1894/13/1246
f 1895/6/1247 1896/4/911 1897/6/1248
f 1898/6/1249 1899/4/779 1900/6/780
f 1899/4/779 1898/6/1249 1901/4/1250
f 1900/6/780 1899/4/779 1902/6/533
f 1903/4/534 1902/6/533 1899/4/779
f 1904/6/1251 1905/4/571 1906/4/1252
f 1905/4/571 1904/6/1251 1907/6/573
f 1908/6/536 1905/4/571 1907/6/573
f 1905/4/571 1908/6/536 1909/4/535
f 1910/13/1253 1911/13/1254 1912/11/1255
f 1913/13/1256 1914/11/1257 1915/13/1258
f 1916/6/1259 1917/6/1260 1918/4/913
f 1919/3/930 1920/2/931 1921/5/936
f 1920/2/931 1919/3/930 1922/4/933
f 1923/3/930 1924/2/934 1925/4/935
f 1924/2/934 1923/3/930 1926/5/936
f 1927/11/1184 1928/12/1261 1929/13/1187
f 1929/13/1187 1928/12/1261 1930/14/1262
f 1931/12/1261 1932/13/1263 1933/14/1264
f 1932/13/1263 1931/12/1261 1934/11/1177
f 1935/11/1265 1936/13/1266 1937/11/1266
f 1936/13/1266 1935/11/1265 1938/13/1267
f 1939/11/1268 1940/13/1269 1941/13/1270
f 1942/11/1269 1940/13/1269 1939/11/1268
f 1943/4/1172 1944/2/974 1945/4/933
f 1946/2/1271 1945/4/933 1944/2/974
f 1947/2/975 1943/4/973 1948/4/1272
f 1949/13/1273 1950/13/1274 1951/11/1275
f 1952/2/977 1953/4/978 1954/4/935
f 1952/2/977 1954/4/935 1955/2/979
f 1956/2/1276 1957/4/1277 1953/4/978
f 1958/11/1009 1959/6/1278 1960/11/1279
f 1961/6/1280 1962/6/1281 1963/11/1282
f 1963/11/1282 1962/6/1281 1964/11/1283
f 1965/11/1284 1966/6/1285 1967/11/1286
f 1967/11/1286 1966/6/1285 1968/6/1287
f 1969/13/1236 1970/11/1288 1971/13/1289
f 1972/9/1290 1973/8/1290 1974/8/1290
f 1973/8/1290 1972/9/1290 1975/9/1291
f 1976/8/1292 1977/10/1293 1978/10/1292
f 1976/8/1292 1978/10/1292 1979/8/1292
f 1980/4/1272 1981/4/1294 1982/2/1295
f 1983/6/1296 1984/4/1297 1985/6/1298
f 1986/12/503 1987/6/504 1988/7/503
f 1987/6/504 1986/12/503 1989/11/505
f 1990/6/506 1991/12/503 1992/7/503
f 1991/12/503 1990/6/506 1993/11/507
f 1994/11/1299 1995/11/1300 1996/6/1301
f 1997/6/1302 1998/11/1303 1999/7/1304
f 1998/11/1303 2000/12/1304 1999/7/1304
f 2001/7/1304 2002/12/1304 2003/11/1137
f 2001/7/1304 2003/11/1137 2004/6/1305
f 2005/6/504 2006/11/516 2007/6/517
f 2006/11/516 2005/6/504 2008/11/505
f 2009/6/1306 2007/6/517 2006/11/516
f 2009/6/1306 2006/11/516 2010/11/1307
f 2011/10/782 2012/16/1308 2013/10/1309
f 2014/16/783 2011/10/782 2015/10/786
f 2015/10/786 2016/16/1310 2014/16/783
f 2017/4/1311 2018/2/1312 2019/4/1313
f 2020/6/1314 2021/6/1315 2022/4/1316
f 2023/7/1317 2024/11/1318 2025/12/1319
f 2024/11/1318 2023/7/1317 2026/6/1280
f 2027/6/1287 2028/7/1317 2029/11/1320
f 2029/11/1320 2028/7/1317 2030/12/1319
f 2031/11/1018 2032/6/1321 2033/11/1322
f 2034/11/1021 2035/11/1323 2036/6/1324
f 2037/4/1325 2038/4/1326 2039/2/1327
f 2038/4/1326 2040/2/1328 2039/2/1327
f 2041/4/1326 2042/4/1329 2040/2/1328
f 2042/4/1329 2043/2/1330 2040/2/1328
f 2042/4/1329 2044/4/1331 2043/2/1330
f 2045/9/479 2046/8/1332 2047/8/480
f 2046/8/1332 2045/9/479 2048/9/1333
f 2049/2/1334 2050/4/1335 2051/4/1336
f 2052/2/1337 2050/4/1335 2049/2/1334
f 2053/4/1338 2052/2/1337 2054/4/1339
f 2055/2/1340 2054/4/1339 2052/2/1337
f 2054/4/1339 2055/2/1340 2056/4/1341
f 2057/10/483 2058/8/1342 2059/10/1343
f 2058/8/1342 2057/10/483 2060/8/485
f 2061/12/843 2062/14/844 2063/13/845
f 2061/12/843 2063/13/845 2064/11/846
f 2065/11/847 2066/13/848 2067/12/849
f 2066/13/848 2068/14/850 2067/12/849
f 2069/11/763 2070/13/1344 2071/11/1345
f 2069/11/763 2072/13/1346 2070/13/1344
f 2073/13/1347 2074/11/756 2075/13/1348
f 2075/13/1348 2074/11/756 2076/11/1349
f 2077/11/810 2078/13/1267 2079/11/1265
f 2077/11/810 2080/13/1350 2078/13/1267
f 2081/12/1351 2082/13/1157 2083/14/1352
f 2082/13/1157 2081/12/1351 2084/11/1155
f 2085/13/1353 2086/11/814 2087/13/1270
f 2088/11/1354 2087/13/1270 2086/11/814
f 2089/3/1355 2090/2/1356 2091/4/1357
f 2090/2/1356 2089/3/1355 2092/5/1355
f 2093/2/1358 2094/3/1355 2095/4/1325
f 2094/3/1355 2093/2/1358 2096/5/1355
f 2097/11/1151 2098/12/1351 2099/13/1154
f 2099/13/1154 2098/12/1351 2100/14/1352
f 2101/11/512 2102/6/506 2103/6/513
f 2102/6/506 2101/11/512 2104/11/507
f 2103/6/513 2105/6/1359 2101/11/512
f 2101/11/512 2105/6/1359 2106/11/1360
f 2106/11/1361 2107/6/1362 2108/11/1363
f 2109/3/532 2110/7/532 2111/6/533
f 2109/3/532 2111/6/533 2112/4/534
f 2113/4/535 2114/6/536 2115/3/532
f 2114/6/536 2116/7/532 2115/3/532
f 2117/6/1364 2118/4/593 2119/6/780
f 2118/4/593 2117/6/1364 2120/4/1365
f 2119/6/780 2118/4/593 2121/6/596
f 2122/4/534 2121/6/596 2118/4/593
f 2123/11/864 2124/13/865 2125/11/866
f 2124/13/865 2123/11/864 2126/13/867
f 2125/11/1366 2127/13/1367 2128/11/1368
f 2129/6/1369 2130/4/571 2131/4/1370
f 2130/4/571 2129/6/1369 2132/6/573
f 2133/6/574 2130/4/571 2132/6/573
f 2130/4/571 2133/6/574 2134/4/535
f 2135/13/897 2136/11/898 2137/11/899
f 2136/11/898 2135/13/897 2138/13/848
f 2139/11/1371 2140/13/1372 2137/11/899
f 2141/6/1373 2142/11/1283 2143/6/1374
f 2142/11/1283 2141/6/1373 2144/11/1375
f 2145/15/1376 2146/16/1377 2147/16/1378
f 2146/16/1377 2145/15/1376 2148/15/1379
f 2149/11/1380 2150/6/1381 2151/11/1382
f 2151/11/1382 2150/6/1381 2152/6/1383
f 2153/13/1384 2154/13/1385 2155/11/1368
f 2156/11/1386 2157/11/1387 2158/6/1388
f 2159/4/1389 2160/7/1390 2161/6/1391
f 2160/7/1390 2159/4/1389 2162/3/1390
f 2163/7/1390 2164/4/1392 2165/6/1393
f 2164/4/1392 2163/7/1390 2166/3/1390
f 2167/13/1372 2168/11/1394 2169/13/1395
f 2170/11/1396 2171/13/1397 2172/11/1398
f 2173/6/1399 2174/4/1400 2175/6/1401
f 2176/3/930 2177/2/931 2178/5/932
f 2177/2/931 2176/3/930 2179/4/933
f 2180/3/930 2181/2/934 2182/4/935
f 2181/2/934 2180/3/930 2183/5/936
f 2184/6/1402 2185/6/1403 2186/4/1250
f 2187/10/1404 2188/16/1405 2189/10/1406
f 2190/16/1405 2187/10/1404 2191/10/1407
f 2191/10/1407 2192/16/1408 2190/16/1405
f 2193/15/611 2194/16/740 2195/16/741
f 2194/16/740 2193/15/611 2196/15/742
f 2197/2/1409 2198/3/1410 2199/5/1410
f 2198/3/1410 2197/2/1409 2200/4/1411
f 2201/3/1412 2202/2/1413 2203/5/1410
f 2202/2/1413 2201/3/1412 2204/4/1414
f 2205/4/973 2206/2/974 2207/4/933
f 2208/2/931 2207/4/933 2206/2/974
f 2209/2/975 2205/4/973 2210/4/1415
f 2211/2/977 2212/4/978 2213/4/935
f 2211/2/977 2213/4/935 2214/2/934
f 2215/2/1416 2216/4/1417 2212/4/978
f 2217/6/1418 2218/4/1419 2219/6/1420
f 2218/4/1419 2217/6/1418 2220/4/1421
f 2217/6/1418 2221/6/1422 2220/4/1421
f 2222/16/1423 2223/10/1424 2224/10/1425
f 2224/10/1425 2225/16/1426 2222/16/1423
f 2223/10/1424 2226/16/1423 2227/10/1427
f 2228/6/1428 2229/4/1429 2230/4/1430
f 2229/4/1429 2228/6/1428 2231/6/1431
f 2228/6/1428 2230/4/1430 2232/6/1432
f 2233/9/699 2234/8/1433 2235/8/1434
f 2234/8/1433 2233/9/699 2236/9/1433
f 2237/8/1435 2238/10/1435 2239/10/718
f 2237/8/1435 2239/10/718 2240/8/720
f 2241/11/1436 2242/13/1437 2243/11/1438
f 2244/6/764 2245/11/516 2246/6/517
f 2245/11/516 2244/6/764 2247/11/505
f 2248/6/1439 2246/6/517 2245/11/516
f 2248/6/1439 2245/11/516 2249/11/1440
f 2250/11/512 2251/6/506 2252/6/513
f 2251/6/506 2250/11/512 2253/11/507
f 2252/6/513 2254/6/1441 2250/11/512
f 2250/11/512 2254/6/1441 2255/11/1442
f 2256/12/503 2257/6/504 2258/7/503
f 2257/6/504 2256/12/503 2259/11/505
f 2260/6/506 2261/12/503 2262/7/503
f 2261/12/503 2260/6/506 2263/11/507
f 2264/11/1443 2265/6/1444 2266/11/1445
f 2267/11/1446 2268/11/1447 2269/6/1448
f 2270/4/1070 2271/7/1449 2272/6/1069
f 2271/7/1449 2270/4/1070 2273/3/1449
f 2274/7/1449 2275/4/1077 2276/6/1076
f 2275/4/1077 2274/7/1449 2277/3/1449
f 2278/4/1450 2279/4/1451 2280/2/1452
f 2281/11/1453 2282/6/1454 2283/11/1455
f 2284/4/1417 2285/2/1456 2286/4/1457
f 2287/12/1458 2288/13/1344 2289/14/1458
f 2288/13/1344 2287/12/1458 2290/11/1345
f 2291/11/1459 2292/12/1458 2293/13/1348
f 2293/13/1348 2292/12/1458 2294/14/1458
f 2295/11/1460 2296/11/1461 2297/6/1462
f 2298/13/1463 2299/13/1464 2300/11/904
f 2301/13/1465 2302/11/906 2303/13/1466
f 2304/11/847 2305/13/848 2306/12/849
f 2305/13/848 2307/14/850 2306/12/849
f 2308/12/843 2309/14/850 2310/13/845
f 2308/12/843 2310/13/845 2311/11/846
f 2312/6/1467 2313/6/1468 2314/4/1469
f 2315/6/1470 2316/4/1471 2317/6/1472
f 2318/6/1473 2319/4/593 2320/6/780
f 2319/4/593 2318/6/1473 2321/4/1474
f 2320/6/780 2319/4/593 2322/6/596
f 2323/4/534 2322/6/596 2319/4/593
f 2324/6/1475 2325/4/571 2326/4/1476
f 2325/4/571 2324/6/1475 2327/6/573
f 2328/6/574 2325/4/571 2327/6/573
f 2325/4/571 2328/6/574 2329/4/535
f 2330/3/532 2331/7/532 2332/6/533
f 2330/3/532 2332/6/533 2333/4/534
f 2334/4/535 2335/6/536 2336/3/532
f 2335/6/536 2337/7/532 2336/3/532
f 2338/11/864 2339/13/1036 2340/11/866
f 2339/13/1036 2338/11/864 2341/13/1037
f 2340/11/866 2342/13/865 2343/11/1477
f 2344/13/897 2345/11/898 2346/11/899
f 2345/11/898 2344/13/897 2347/13/1044
f 2348/11/1478 2349/13/1479 2346/11/899
f 2350/4/1480 2351/2/1481 2352/4/1482
f 2353/4/1483 2354/4/1484 2355/2/1485
f 2356/6/1486 2357/4/1370 2358/6/1487
f 2359/6/1488 2360/4/1489 2361/6/1490
f 2360/4/1489 2359/6/1488 2362/4/1491
f 2363/4/1492 2361/6/1490 2360/4/1489
f 2361/6/1490 2363/4/1492 2364/6/1493
f 2365/4/1494 2366/6/1495 2367/6/1496
f 2366/6/1495 2365/4/1494 2368/4/1497
f 2367/6/1496 2369/4/1498 2365/4/1494
f 2369/4/1498 2367/6/1496 2370/6/1499
f 2371/4/1500 2372/6/1501 2373/4/1502
f 2372/6/1501 2371/4/1500 2374/6/1503
f 2375/4/1500 2376/6/1391 2374/6/1504
f 2376/6/1391 2375/4/1500 2377/4/1389
f 2378/15/1505 2379/16/1121 2380/16/1506
f 2379/16/1121 2378/15/1505 2381/15/1122
f 2382/6/1364 2383/6/1507 2384/4/1508
f 2385/12/1509 2386/13/1510 2387/14/1509
f 2386/13/1510 2385/12/1509 2388/11/1511
f 2389/11/1512 2390/12/1509 2391/13/1437
f 2391/13/1437 2390/12/1509 2392/14/1509
f 2393/6/1513 2394/4/1514 2395/4/1515
f 2394/4/1514 2393/6/1513 2396/6/1516
f 2396/6/1517 2397/6/1393 2398/4/1514
f 2399/4/1392 2398/4/1514 2397/6/1393
f 2400/13/1518 2401/13/1519 2402/11/1520
f 2403/13/1521 2404/11/1522 2405/13/1523
f 2406/11/1524 2407/13/1525 2408/11/1526
f 2408/11/1526 2407/13/1525 2409/13/1527
f 2410/13/1528 2411/11/1529 2412/13/1530
f 2413/3/930 2414/2/934 2415/4/935
f 2414/2/934 2413/3/930 2416/5/936
f 2417/3/930 2418/2/931 2419/5/936
f 2418/2/931 2417/3/930 2420/4/933
f 2421/4/1531 2422/7/1532 2423/6/1533
f 2422/7/1532 2421/4/1531 2424/3/1534
f 2425/7/1535 2426/4/1498 2427/6/1499
f 2426/4/1498 2425/7/1535 2428/3/1534
f 2429/4/1172 2430/2/974 2431/4/933
f 2432/2/931 2431/4/933 2430/2/974
f 2433/2/974 2429/4/1536 2434/4/1537
f 2435/15/1538 2436/16/1539 2437/16/1540
f 2436/16/1539 2435/15/1538 2438/15/1541
f 2439/16/1542 2440/10/1543 2441/10/1544
f 2441/10/1544 2442/16/1545 2439/16/1542
f 2443/11/1546 2444/13/1547 2445/11/1548
f 2446/13/1549 2445/11/1548 2444/13/1547
f 2447/11/1550 2448/6/1441 2449/11/1551
f 2450/11/1552 2451/13/1553 2452/13/1554
f 2452/13/1554 2453/11/1555 2450/11/1552
f 2454/2/977 2455/4/978 2456/4/935
f 2454/2/977 2456/4/935 2457/2/934
f 2458/2/1556 2459/4/1557 2455/4/978
f 2459/4/1557 2458/2/1556 2460/4/1558
f 2461/4/1537 2462/4/1559 2463/2/1560
f 2464/6/1561 2465/4/1562 2466/6/1563
f 2465/4/1562 2464/6/1561 2467/4/1419
f 2468/11/1440 2469/11/1564 2470/6/1565
f 2471/6/1566 2472/4/1567 2473/4/1429
f 2472/4/1567 2471/6/1566 2474/6/1568
f 2475/6/1569 2476/6/1570 2477/4/1571
f 2478/15/1572 2479/16/1573 2480/16/1574
f 2479/16/1573 2478/15/1572 2481/15/987
f 2482/12/503 2483/6/504 2484/7/503
f 2483/6/504 2482/12/503 2485/11/505
f 2486/6/506 2487/12/503 2488/7/503
f 2487/12/503 2486/6/506 2489/11/507
f 2490/6/1575 2491/4/1576 2492/6/1577
f 2493/12/1578 2494/13/1579 2495/14/1580
f 2494/13/1579 2493/12/1578 2496/11/1581
f 2497/11/1582 2498/12/1580 2499/13/1583
f 2499/13/1583 2498/12/1580 2500/14/1580
f 2501/6/1584 2502/4/1585 2503/6/1586
f 2504/13/1587 2505/13/1588 2506/11/1548
f 2507/6/1589 2508/6/1590 2509/4/1591
f 2510/13/1592 2511/11/1552 2512/13/1593
f 2513/13/1594 2514/13/1595 2515/11/1596
f 2516/4/1597 2517/6/1598 2518/6/1599
f 2517/6/1598 2516/4/1597 2519/4/1600
f 2520/6/1601 2519/4/1602 2521/6/1603
f 2522/4/1089 2518/6/1604 2523/6/1605
f 2518/6/1604 2522/4/1089 2524/4/1597
f 2525/6/418 2526/4/1606 2527/6/1607
f 2526/4/1606 2525/6/418 2528/4/1608
f 2529/6/1609 2527/6/1607 2526/4/1606
f 2529/6/1609 2526/4/1606 2530/4/1610
f 2531/4/1611 2532/6/1612 2533/4/1613
f 2532/6/1612 2531/4/1611 2534/6/1614
f 2535/6/1615 2536/6/1616 2533/4/1617
f 2537/4/1618 2534/6/1619 2538/4/1611
f 2534/6/1619 2537/4/1618 2539/6/1620
f 2540/6/1621 2541/4/1622 2542/6/1623
f 2541/4/1622 2540/6/1621 2543/4/1624
f 2540/6/1621 2544/6/1625 2543/4/1624
f 2545/4/1626 2546/6/1627 2547/6/1628
f 2546/6/1627 2545/4/1626 2548/4/1629
f 2546/6/1627 2548/4/1629 2549/6/1630
f 2550/11/1555 2551/13/1631 2552/11/1632
f 2553/11/847 2554/13/848 2555/12/849
f 2554/13/848 2556/14/1633 2555/12/849
f 2557/12/849 2558/14/850 2559/13/845
f 2557/12/849 2559/13/845 2560/11/846
f 2561/11/512 2562/6/506 2563/6/513
f 2562/6/506 2561/11/512 2564/11/507
f 2563/6/513 2565/6/1634 2561/11/512
f 2561/11/512 2565/6/1634 2566/11/1635
f 2566/11/1636 2567/6/1637 2568/11/1638
f 2569/6/504 2570/11/516 2571/6/517
f 2570/11/516 2569/6/504 2572/11/505
f 2573/6/1639 2571/6/517 2570/11/516
f 2573/6/1639 2570/11/516 2574/11/1640
f 2574/11/1641 2575/11/1642 2576/6/1643
f 2577/11/1644 2578/13/1645 2579/11/1646
f 2580/2/1647 2581/4/1648 2582/2/1649
f 2583/4/1650 2582/2/1649 2581/4/1648
f 2584/13/1651 2585/13/1652 2586/11/1653
f 2587/4/1654 2588/2/1655 2589/4/1656
f 2588/2/1655 2587/4/1654 2590/2/1657
f 2591/6/1658 2592/4/779 2593/6/780
f 2592/4/779 2591/6/1658 2594/4/1659
f 2593/6/780 2592/4/779 2595/6/533
f 2596/4/534 2595/6/533 2592/4/779
f 2597/6/1660 2598/4/571 2599/4/1661
f 2598/4/571 2597/6/1660 2600/6/573
f 2601/6/574 2598/4/571 2600/6/573
f 2598/4/571 2601/6/574 2602/4/535
f 2603/11/864 2604/13/1036 2605/11/866
f 2604/13/1036 2603/11/864 2606/13/1037
f 2605/11/866 2607/13/865 2608/11/1662
f 2609/13/1663 2610/11/1664 2611/13/1665
f 2612/13/897 2613/11/898 2614/11/1234
f 2613/11/898 2612/13/897 2615/13/1044
f 2616/11/1666 2617/13/1667 2614/11/899
f 2618/3/532 2619/7/532 2620/6/533
f 2618/3/532 2620/6/533 2621/4/534
f 2622/4/535 2623/6/536 2624/3/532
f 2623/6/536 2625/7/532 2624/3/532
f 2626/7/1668 2627/4/1669 2628/6/1670
f 2627/4/1669 2626/7/1668 2629/3/1671
f 2630/4/1672 2631/7/1668 2632/6/1673
f 2631/7/1668 2630/4/1672 2633/3/1671
f 2634/6/1674 2635/4/1675 2636/6/1676
f 2635/4/1675 2634/6/1674 2637/4/1677
f 2635/4/1675 2638/6/1678 2636/6/1676
f 2638/6/1678 2635/4/1675 2639/4/1672
f 2640/4/1679 2641/4/1680 2642/2/1681
f 2643/4/1682 2644/6/1683 2645/6/1684
f 2644/6/1683 2643/4/1682 2646/4/1685
f 2645/6/1684 2647/6/1670 2643/4/1682
f 2648/4/1669 2643/4/1682 2647/6/1670
f 2649/3/930 2650/2/934 2651/4/935
f 2650/2/934 2649/3/930 2652/5/936
f 2653/3/930 2654/2/931 2655/5/936
f 2654/2/931 2653/3/930 2656/4/933
f 2657/4/1686 2658/2/1687 2659/4/1688
f 2660/4/1211 2661/6/1689 2662/6/1690
f 2661/6/1689 2660/4/1211 2663/4/1691
f 2661/6/1689 2663/4/1691 2664/6/1692
f 2665/4/1214 2666/6/1693 2667/4/1694
f 2666/6/1693 2668/6/1695 2667/4/1694
f 2666/6/1693 2665/4/1214 2669/6/1696
f 2670/6/1697 2671/6/1698 2672/4/1699
f 2673/6/1700 2674/4/1701 2675/6/1702
f 2676/6/1703 2677/4/1704 2678/6/1705
f 2679/4/1172 2680/2/974 2681/4/933
f 2682/2/1271 2681/4/933 2680/2/974
f 2683/2/975 2679/4/973 2684/4/1679
f 2685/6/1706 2686/6/1707 2687/4/1708
f 2688/2/977 2689/4/978 2690/4/935
f 2688/2/977 2690/4/935 2691/2/979
f 2692/2/1709 2693/4/1686 2689/4/978
f 2694/6/1710 2695/6/1711 2696/4/1712
f 2697/6/504 2698/11/516 2699/6/517
f 2698/11/516 2697/6/504 2700/11/505
f 2701/6/1713 2699/6/517 2698/11/516
f 2701/6/1713 2698/11/516 2702/11/1714
f 2703/2/1715 2704/3/1716 2705/5/1717
f 2704/3/1716 2703/2/1715 2706/4/1718
f 2707/5/1717 2708/3/1716 2709/4/1719
f 2707/5/1717 2709/4/1719 2710/2/1720
f 2711/2/1721 2712/3/1722 2713/4/1723
f 2712/3/1722 2711/2/1721 2714/5/1724
f 2715/3/1722 2716/2/1725 2717/4/1726
f 2716/2/1725 2715/3/1722 2718/5/1724
f 2719/6/1727 2720/4/1728 2721/6/1729
f 2722/4/1730 2723/6/1731 2724/6/1732
f 2723/6/1731 2722/4/1730 2725/4/1733
f 2724/6/1732 2726/4/1734 2722/4/1730
f 2726/4/1734 2724/6/1732 2727/6/1735
f 2728/12/989 2729/6/504 2730/7/503
f 2729/6/504 2728/12/989 2731/11/505
f 2732/6/506 2733/12/503 2734/7/503
f 2733/12/503 2732/6/506 2735/11/507
f 2736/6/1736 2737/4/1737 2738/6/1738
f 2737/4/1737 2736/6/1736 2739/4/1739
f 2740/4/1740 2738/6/1738 2737/4/1737
f 2738/6/1738 2740/4/1740 2741/6/1741
f 2742/15/1742 2743/16/609 2744/16/1743
f 2743/16/609 2742/15/1742 2745/15/611
f 2746/10/1744 2747/10/1745 2748/16/614
f 2747/10/1745 2749/16/1746 2748/16/614
f 2750/4/1747 2751/2/1748 2752/4/1749
f 2753/13/1750 2754/13/1751 2755/11/1752
f 2756/13/1753 2757/11/1754 2758/13/1755
f 2759/6/1756 2760/4/593 2761/6/780
f 2760/4/593 2759/6/1756 2762/4/1757
f 2761/6/780 2760/4/593 2763/6/533
f 2764/4/534 2763/6/533 2760/4/593
f 2765/4/1758 2766/2/1759 2767/4/1760
f 2768/4/1761 2769/4/1762 2770/2/1763
f 2771/16/1764 2772/15/1765 2773/15/1538
f 2772/15/1765 2771/16/1764 2774/16/1765
f 2775/11/847 2776/13/848 2777/12/843
f 2776/13/848 2778/14/1633 2777/12/843
f 2779/10/1544 2780/10/1766 2781/16/1767
f 2780/10/1766 2782/16/1766 2781/16/1767
f 2783/12/843 2784/14/844 2785/13/845
f 2783/12/843 2785/13/845 2786/11/846
f 2787/11/512 2788/6/506 2789/6/513
f 2788/6/506 2787/11/512 2790/11/507
f 2789/6/513 2791/6/1768 2787/11/512
f 2787/11/512 2791/6/1768 2792/11/1769
f 2792/11/1770 2793/6/1771 2794/11/1772
f 2795/6/1773 2796/4/571 2797/4/1774
f 2796/4/571 2795/6/1773 2798/6/573
f 2799/6/574 2796/4/571 2798/6/573
f 2796/4/571 2799/6/574 2800/4/535
f 2801/2/1721 2802/4/1723 2803/2/1775
f 2802/4/1723 2804/4/1776 2803/2/1775
f 2805/4/1777 2806/2/1778 2804/4/1779
f 2806/2/1778 2805/4/1777 2807/2/1780
f 2808/4/1781 2809/4/1782 2807/2/1783
f 2810/11/1714 2811/11/1784 2812/6/1713
f 2813/2/1785 2814/4/1786 2815/4/1787
f 2815/4/1787 2816/2/1725 2813/2/1785
f 2813/2/1785 2817/4/1788 2814/4/1786
f 2817/4/1788 2813/2/1785 2818/2/1748
f 2819/15/1789 2820/16/1743 2821/16/1790
f 2820/16/1743 2819/15/1789 2822/15/1791
f 2823/6/1756 2824/6/1792 2825/4/1793
f 2826/11/864 2827/13/865 2828/11/866
f 2827/13/865 2826/11/864 2829/13/867
f 2828/11/1366 2830/13/865 2831/11/1794
f 2832/16/1795 2833/10/1796 2834/10/1797
f 2834/10/1797 2835/16/1798 2832/16/1795
f 2836/3/532 2837/7/532 2838/6/533
f 2836/3/532 2838/6/533 2839/4/534
f 2840/4/535 2841/6/536 2842/3/532
f 2841/6/536 2843/7/532 2842/3/532
f 2844/6/1799 2845/4/1800 2846/6/1801
f 2847/13/897 2848/11/898 2849/11/899
f 2848/11/898 2847/13/897 2850/13/848
f 2851/11/1802 2852/13/1753 2849/11/899
f 2853/4/1803 2854/7/1804 2855/6/1741
f 2854/7/1804 2853/4/1803 2856/3/1805
f 2857/7/1804 2858/4/1806 2859/6/1735
f 2858/4/1806 2857/7/1804 2860/3/1805
f 2861/4/1807 2862/4/1808 2863/2/1809
f 2864/4/1810 2865/2/1811 2866/4/1812
f 2867/3/930 2868/2/934 2869/4/935
f 2868/2/934 2867/3/930 2870/5/936
f 2871/3/930 2872/2/931 2873/5/932
f 2872/2/931 2871/3/930 2874/4/933
f 2875/2/1813 2876/3/1814 2877/4/1815
f 2876/3/1814 2875/2/1813 2878/5/1816
f 2879/3/1814 2880/2/1817 2881/4/1818
f 2880/2/1817 2879/3/1814 2882/5/1816
f 2883/4/973 2884/2/974 2885/4/933
f 2886/2/931 2885/4/933 2884/2/974
f 2887/2/975 2883/4/973 2888/4/1807
f 2889/2/977 2890/4/978 2891/4/935
f 2889/2/977 2891/4/935 2892/2/979
f 2893/2/1819 2894/4/1820 2890/4/978
f 2895/6/1821 2896/4/1822 2897/6/1823
f 2896/4/1822 2895/6/1821 2898/4/1824
f 2896/4/1822 2899/6/1825 2897/6/1823
f 2899/6/1825 2896/4/1822 2900/4/1826
f 2901/13/1827 2902/11/1828 2903/13/1829
f 2904/13/1830 2905/13/1831 2906/11/1832
f 2907/11/1833 2908/13/1833 2909/16/1834
f 2908/13/1833 2910/15/1835 2909/16/1834
f 2911/4/1836 2912/6/1837 2913/6/1838
f 2912/6/1837 2911/4/1836 2914/4/1728
f 2913/6/1838 2915/6/1839 2911/4/1836
f 2916/4/1840 2911/4/1836 2915/6/1839
f 2917/6/1841 2918/16/1842 2919/10/1843
f 2918/16/1842 2917/6/1841 2920/11/1841
f 2921/4/1844 2922/4/1818 2923/2/1845
f 2922/4/1818 2924/2/1846 2923/2/1845
f 2925/2/1847 2926/4/1848 2921/4/1849
f 2926/4/1848 2925/2/1847 2927/2/1850
f 2928/4/1851 2927/2/1852 2929/4/1853
f 2930/4/1826 2931/7/1854 2932/6/1825
f 2931/7/1854 2930/4/1826 2933/3/1855
f 2934/7/1854 2935/4/1840 2936/6/1839
f 2935/4/1840 2934/7/1854 2937/3/1855
f 2938/6/1628 2939/4/1856 2940/4/1626
f 2939/4/1856 2938/6/1628 2941/6/1857
f 2942/6/1858 2939/4/1856 2941/6/1857
f 2939/4/1856 2942/6/1858 2943/4/1859
f 2944/4/1860 2945/4/1861 2946/2/1862
f 2944/4/1860 2946/2/1862 2947/2/1813
f 2948/4/1863 2949/2/1862 2945/4/1864
f 2949/2/1862 2948/4/1863 2950/2/1865
f 2951/4/1866 2952/4/1867 2950/2/1868
f 2953/9/1869 2954/8/1870 2955/8/1871
f 2954/8/1870 2953/9/1869 2956/9/1872
f 2957/8/1873 2958/10/1874 2959/10/1875
f 2957/8/1873 2959/10/1875 2960/8/1876
f 2961/15/1877 2962/16/1878 2963/16/1879
f 2962/16/1878 2961/15/1877 2964/15/1880
f 2965/4/1881 2966/2/1882 2967/4/1883
f 2966/2/1882 2965/4/1881 2968/2/1884
f 2969/2/1882 2970/4/1719 2967/4/1883
f 2971/2/1720 2970/4/1719 2969/2/1882
f 2972/4/1761 2968/2/1884 2973/4/1881
f 2968/2/1884 2972/4/1761 2974/2/1885
f 2975/9/1886 2976/8/1886 2977/8/1886
f 2976/8/1886 2975/9/1886 2978/9/1887
f 2979/10/1888 2980/10/1889 2981/16/1890
f 2980/10/1889 2982/16/1891 2981/16/1890
f 2983/8/1892 2984/10/1893 2985/10/1892
f 2983/8/1892 2985/10/1892 2986/8/1892
f 2987/11/847 2988/13/848 2989/12/843
f 2988/13/848 2990/14/850 2989/12/843
f 2991/12/843 2992/14/844 2993/13/845
f 2991/12/843 2993/13/845 2994/11/846
f 2995/4/1894 2996/4/1895 2997/2/1896
f 2998/2/1897 2995/4/1894 2997/2/1896
f 2995/4/1894 2998/2/1897 2999/4/1898
f 3000/4/1899 3001/2/1647 3002/2/1900
f 3001/2/1647 3000/4/1899 3003/4/1901
f 3004/4/1902 3005/2/1903 3006/4/1904
f 3004/4/1902 3007/2/1905 3005/2/1903
f 3007/2/1905 3004/4/1902 3008/4/1906
f 3009/6/1907 3010/4/1908 3011/6/1909
f 3010/4/1908 3009/6/1907 3012/4/1622
f 3011/6/1909 3010/4/1908 3013/6/1910
f 3014/4/1911 3013/6/1910 3010/4/1908
f 3015/4/1912 3016/2/1913 3017/4/1914
f 3016/2/1913 3015/4/1912 3018/2/1915
f 3019/6/1916 3020/7/1917 3021/11/1918
f 3021/11/1918 3020/7/1917 3022/12/1919
f 3023/7/1917 3024/11/1920 3025/12/1919
f 3024/11/1920 3023/7/1917 3026/6/1921
f 3027/11/864 3028/13/1036 3029/11/866
f 3028/13/1036 3027/11/864 3030/13/1037
f 3029/11/866 3031/13/865 3032/11/1832
f 3033/13/897 3034/11/898 3035/11/899
f 3034/11/898 3033/13/897 3036/13/1044
f 3037/11/1922 3038/13/1923 3035/11/899
f 3039/2/1924 3040/4/1925 3041/2/1926
f 3042/4/1927 3041/2/1926 3040/4/1925
f 3039/2/1928 3043/4/1758 3044/4/1929
f 3043/4/1758 3039/2/1928 3045/2/1930
f 3046/4/1718 3047/2/1926 3042/4/1931
f 3047/2/1926 3046/4/1718 3048/2/1932
f 3049/4/1933 3050/4/1934 3051/2/1935
f 3052/4/1936 3053/2/1937 3054/4/1938
f 3055/2/1939 3056/3/1940 3057/4/1941
f 3056/3/1940 3055/2/1939 3058/5/1940
f 3059/3/1940 3060/2/1942 3061/4/1943
f 3060/2/1942 3059/3/1940 3062/5/1940
f 3063/15/1944 3064/16/1879 3065/16/1945
f 3064/16/1879 3063/15/1944 3066/15/1946
f 3067/16/1891 3068/10/1889 3069/10/1947
f 3069/10/1947 3070/16/1948 3067/16/1891
f 3071/3/930 3072/2/934 3073/4/935
f 3072/2/934 3071/3/930 3074/5/936
f 3075/4/1567 3076/6/1949 3077/3/1950
f 3076/6/1949 3078/7/1950 3077/3/1950
f 3079/3/1950 3080/7/1950 3081/6/1563
f 3079/3/1950 3081/6/1563 3082/4/1951
f 3083/3/930 3084/2/931 3085/5/936
f 3084/2/931 3083/3/930 3086/4/933
f 3087/6/1952 3088/11/1953 3089/6/1954
f 3088/11/1953 3087/6/1952 3090/11/1955
f 3088/11/1953 3091/6/1956 3089/6/1954
f 3092/11/1957 3091/6/1956 3088/11/1953
f 3093/11/1958 3094/6/1916 3095/11/1918
f 3094/6/1916 3093/11/1958 3096/6/1959
f 3097/6/1960 3096/6/1961 3098/11/1958
f 3097/6/1960 3098/11/1958 3099/11/1962
f 3100/2/977 3101/4/978 3102/4/935
f 3100/2/977 3102/4/935 3103/2/934
f 3104/2/1963 3105/4/1964 3101/4/978
f 3105/4/1964 3104/2/1963 3106/4/1965
f 3107/4/1172 3108/2/974 3109/4/933
f 3110/2/931 3109/4/933 3108/2/974
f 3111/2/975 3107/4/973 3112/4/1966
f 3112/4/1967 3113/4/1968 3114/2/1969
f 3115/6/1921 3116/11/1970 3117/11/1920
f 3116/11/1970 3115/6/1921 3118/6/1971
f 3118/6/1972 3119/6/1973 3120/11/1974
f 3120/11/1974 3119/6/1973 3121/11/1975
f 3122/2/1976 3123/8/1870 3124/9/1872
f 3123/8/1870 3122/2/1976 3125/4/1976
f 3126/8/1873 3127/6/1977 3128/10/1874
f 3127/6/1977 3126/8/1873 3129/4/1977
f 3130/13/1978 3131/11/1979 3132/13/1980
f 3133/13/1981 3134/13/1982 3135/11/1983
f 3136/15/1984 3137/16/1985 3138/16/1986
f 3137/16/1985 3136/15/1984 3139/15/1987
f 3140/10/1988 3141/10/1989 3142/16/1990
f 3141/10/1989 3143/16/1991 3142/16/1990
f 3144/9/1231 3145/8/1992 3146/9/1233
f 3147/8/1993 3148/9/696 3149/9/1994
f 3148/9/696 3147/8/1993 3150/8/698
f 3151/9/1869 3152/8/1993 3149/9/1994
f 3153/8/1995 3152/8/1993 3151/9/1869
f 3154/3/1996 3155/2/1997 3156/4/1998
f 3155/2/1997 3154/3/1996 3157/5/1999
f 3158/8/2000 3159/10/1875 3160/10/2001
f 3159/10/1875 3158/8/2000 3161/8/1876
f 3162/8/2000 3160/10/2001 3163/10/723
f 3164/8/724 3162/8/2000 3163/10/723
f 3165/2/2002 3166/3/1996 3167/4/2003
f 3166/3/1996 3165/2/2002 3168/5/1999
f 3169/6/2004 3170/4/2005 3171/6/2006
f 3172/6/2007 3173/11/2008 3174/11/2009
f 3173/11/2008 3172/6/2007 3175/6/2010
f 3175/6/2010 3176/6/605 3173/11/2008
f 3173/11/2008 3176/6/605 3177/11/2011
f 3178/3/2012 3179/6/2013 3180/7/2014
f 3179/6/2013 3178/3/2012 3181/4/2015
f 3179/6/2013 3182/4/2015 3183/4/2016
f 3184/6/2017 3179/6/2013 3183/4/2016
f 3183/4/2016 3185/6/2018 3184/6/2017
f 3185/6/2018 3183/4/2016 3186/4/2019
f 3187/2/2020 3188/4/2021 3189/4/1943
f 3190/2/1937 3188/4/2021 3187/2/2020
f 3188/4/2021 3190/2/1937 3191/4/2022
f 3192/11/2023 3193/13/2024 3194/16/2023
f 3193/13/2024 3195/15/2024 3194/16/2023
f 3196/2/1939 3197/4/2025 3198/2/2026
f 3197/4/2025 3199/4/2027 3198/2/2026
f 3198/2/2026 3199/4/2027 3200/2/2028
f 3201/4/2029 3200/2/2028 3199/4/2027
f 3202/6/2030 3203/16/2030 3204/10/2030
f 3203/16/2030 3202/6/2030 3205/11/2030
f 3206/6/2031 3207/6/2032 3208/4/2033
f 3209/11/2034 3210/11/2035 3211/6/2036
f 3212/11/2037 3213/6/2038 3214/11/2039
f 3215/3/2040 3216/7/2041 3217/6/1910
f 3215/3/2040 3217/6/1910 3218/4/1911
f 3219/15/1789 3220/16/1790 3221/16/1834
f 3219/15/1789 3221/16/1834 3222/15/1835
f 3223/16/1842 3224/10/1797 3225/10/2042
f 3224/10/1797 3223/16/1842 3226/16/2043
f 3227/4/1859 3228/6/1858 3229/3/2040
f 3228/6/1858 3230/7/2041 3229/3/2040
f 3231/8/2044 3232/10/1001 3233/8/1002
f 3231/8/2044 3234/8/724 3235/10/1001
f 3234/8/724 3236/10/723 3235/10/1001
f 3237/11/847 3238/13/848 3239/12/843
f 3238/13/848 3240/14/850 3239/12/843
f 3241/12/843 3242/14/850 3243/13/867
f 3241/12/843 3243/13/867 3244/11/846
f 3245/11/2045 3246/13/2045 3247/16/2046
f 3246/13/2045 3248/15/2047 3247/16/2046
f 3249/6/2048 3250/16/2049 3251/10/2050
f 3250/16/2049 3249/6/2048 3252/11/2048
f 3253/4/2051 3254/2/2052 3255/4/2053
f 3256/9/1231 3257/8/698 3258/8/896
f 3257/8/698 3256/9/1231 3259/9/696
f 3260/4/2054 3261/4/2055 3262/2/2056
f 3263/11/2057 3264/11/2058 3265/6/2059
f 3266/11/864 3267/13/1036 3268/11/866
f 3267/13/1036 3266/11/864 3269/13/1037
f 3268/11/866 3270/13/865 3271/11/1983
f 3272/13/897 3273/11/898 3274/11/1234
f 3273/11/898 3272/13/897 3275/13/848
f 3276/11/2060 3277/13/2061 3274/11/899
f 3278/4/2062 3279/4/2063 3280/2/2064
f 3281/4/2065 3282/4/1998 3283/2/2066
f 3282/4/1998 3284/2/2067 3283/2/2066
f 3285/2/2066 3286/4/2068 3281/4/2065
f 3286/4/2068 3285/2/2066 3287/2/2069
f 3288/4/2070 3287/2/2071 3289/4/2072
f 3290/3/930 3291/2/934 3292/4/935
f 3291/2/934 3290/3/930 3293/5/936
f 3294/3/930 3295/2/931 3296/5/936
f 3295/2/931 3294/3/930 3297/4/933
f 3298/4/2073 3299/4/2074 3300/2/2075
f 3298/4/2073 3300/2/2075 3301/2/2002
f 3302/4/2062 3303/2/2076 3299/4/2074
f 3303/2/2076 3302/4/2062 3304/2/2064
f 3305/11/2077 3306/6/2078 3307/11/2079
f 3308/4/1172 3309/2/974 3310/4/933
f 3311/2/1271 3310/4/933 3309/2/974
f 3312/2/975 3308/4/973 3313/4/2080
f 3314/2/977 3315/4/978 3316/4/935
f 3314/2/977 3316/4/935 3317/2/979
f 3318/2/2052 3319/4/2081 3315/4/978
f 3320/16/2082 3321/15/2083 3322/15/1944
f 3321/15/2083 3320/16/2082 3323/16/2046
f 3324/16/2084 3325/10/2085 3326/16/2049
f 3324/16/2084 3327/10/2086 3325/10/2085
f 3328/11/2087 3329/11/2088 3330/6/2089
f 3331/11/2090 3332/6/2091 3333/11/2092
f 3334/4/2093 3335/2/2094 3336/4/2095
f 3335/2/2094 3334/4/2093 3337/2/2096
f 3338/4/2097 3339/4/2098 3337/2/2099
f 3339/4/2098 3340/2/2100 3337/2/2099
f 3339/4/2098 3341/4/2101 3340/2/2100
f 3342/2/2102 3343/4/2103 3344/4/2104
f 3345/2/2105 3343/4/2103 3342/2/2102
f 3346/4/2106 3345/2/2107 3347/4/2108
f 3348/2/2109 3347/4/2108 3345/2/2107
f 3347/4/2108 3348/2/2109 3349/4/2110
f 3350/2/2111 3351/4/1906 3352/4/2112
f 3353/2/2113 3354/4/2114 3355/4/1898
f 3356/11/2115 3357/13/2116 3358/13/2117
f 3358/13/2117 3359/11/1158 3356/11/2115
f 3360/13/2118 3361/11/2119 3362/13/2120
f 3363/11/1153 3362/13/2120 3361/11/2119
f 3364/4/2121 3365/4/2122 3366/2/2123
f 3367/2/2124 3368/4/2125 3366/2/2126
f 3368/4/2125 3367/2/2124 3369/4/2127
f 3370/4/2128 3371/2/2129 3372/4/2130
f 3373/4/2131 3374/2/2132 3371/2/2133
f 3374/2/2132 3373/4/2131 3375/4/2134
f 3376/3/2135 3377/6/2136 3378/4/1610
f 3377/6/2136 3376/3/2135 3379/7/2137
f 3380/11/2138 3381/11/2139 3382/6/2140
f 3383/16/2141 3384/15/2141 3385/15/2141
f 3384/15/2141 3383/16/2141 3386/16/2142
f 3387/16/2143 3388/10/2143 3389/16/2144
f 3387/16/2143 3390/10/2143 3388/10/2143
f 3391/11/2145 3392/6/2146 3393/11/2147
f 3394/3/2148 3395/2/2149 3396/4/2150
f 3395/2/2149 3394/3/2148 3397/5/2148
f 3398/2/2113 3399/3/2148 3400/4/2114
f 3399/3/2148 3398/2/2113 3401/5/2148
f 3402/15/2151 3403/16/2152 3404/16/2151
f 3403/16/2152 3402/15/2151 3405/15/2153
f 3406/6/2154 3407/6/2155 3408/11/2156
f 3406/6/2154 3408/11/2156 3409/11/2157
f 3406/6/2154 3409/11/2157 3410/6/2158
f 3409/11/2157 3411/11/2159 3410/6/2158
f 3412/6/2160 3413/6/2161 3414/11/2162
f 3414/11/2162 3413/6/2161 3415/11/2163
f 3416/6/2164 3415/11/2163 3413/6/2161
f 3416/6/2164 3417/11/2165 3415/11/2163
f 3418/16/2166 3419/10/2167 3420/10/2168
f 3420/10/2168 3421/16/2168 3418/16/2166
f 3422/13/2169 3423/11/2170 3424/13/2171
f 3423/11/2170 3422/13/2169 3425/11/2172
f 3426/11/2173 3427/13/2174 3428/13/2175
f 3427/13/2174 3426/11/2173 3429/11/2176
f 3430/11/2177 3431/13/2178 3432/13/2174
f 3432/13/2174 3433/11/2176 3430/11/2177
f 3434/11/2172 3435/13/2179 3436/11/2180
f 3436/11/2180 3435/13/2179 3437/13/2181
f 3438/13/2182 3439/11/2177 3440/13/2183
f 3441/6/2184 3442/11/2185 3443/6/2186
f 3442/11/2185 3444/11/2187 3443/6/2186
f 3444/11/2188 3445/11/2189 3446/6/2190
f 3447/6/2191 3448/11/2192 3449/6/2193
f 3447/6/2191 3450/11/2194 3448/11/2192
f 3450/11/2195 3451/6/2196 3452/11/2197
f 3453/15/2198 3454/16/2198 3455/16/2198
f 3456/15/2198 3454/16/2198 3453/15/2198
f 3457/13/2199 3458/13/2200 3459/11/2201
f 3460/16/2202 3461/10/2202 3462/16/2202
f 3460/16/2202 3463/10/2202 3461/10/2202
f 3464/6/2203 3465/6/2204 3466/11/2205
f 3464/6/2203 3466/11/2205 3467/11/2206
f 3468/6/2207 3469/11/2206 3470/6/2140
f 3469/11/2206 3471/11/2208 3470/6/2140
f 3472/6/2209 3473/6/2210 3474/11/2211
f 3474/11/2211 3473/6/2210 3475/11/2212
f 3476/6/2213 3477/11/2212 3478/6/2214
f 3476/6/2213 3479/11/2215 3477/11/2212
f 3480/11/2216 3481/6/2217 3482/11/2218
f 3483/6/2219 3482/11/2218 3481/6/2217
f 3484/6/2220 3485/11/2221 3486/6/2222
f 3485/11/2221 3484/6/2220 3487/11/2223
f 3488/7/2224 3489/12/2225 3490/11/2226
f 3488/7/2224 3490/11/2226 3491/6/2227
f 3492/6/2228 3493/11/2162 3494/7/2229
f 3493/11/2162 3495/12/2230 3494/7/2229
f 3496/11/2231 3497/11/2232 3498/6/2233
f 3499/11/2234 3500/6/2235 3501/11/2236
f 3502/12/2237 3503/13/2175 3504/14/2238
f 3503/13/2175 3502/12/2237 3505/11/2173
f 3506/11/2170 3507/12/2237 3508/13/2171
f 3508/13/2171 3507/12/2237 3509/14/2239
f 3510/4/2240 3511/4/2241 3512/2/2242
f 3510/4/2240 3512/2/2242 3513/2/2243
f 3514/4/2244 3515/4/2245 3516/2/2132
f 3515/4/2245 3517/2/2246 3516/2/2132
f 3518/3/2247 3519/2/2248 3515/4/2245
f 3519/2/2248 3518/3/2247 3520/5/2249
f 3521/2/2243 3522/3/2247 3523/4/2240
f 3522/3/2247 3521/2/2243 3524/5/2249
f 3525/3/2250 3526/2/2102 3527/4/2251
f 3526/2/2102 3525/3/2250 3528/5/2252
f 3529/2/2094 3530/3/2250 3531/4/2253
f 3530/3/2250 3529/2/2094 3532/5/2250
f 3533/11/2254 3534/15/2254 3535/16/2254
f 3534/15/2254 3533/11/2254 3536/13/2255
f 3537/10/2256 3538/6/2257 3539/11/2256
f 3537/10/2256 3539/11/2256 3540/16/2256
f 3541/12/2258 3542/13/2259 3543/14/2260
f 3542/13/2259 3541/12/2258 3544/11/2261
f 3545/11/2262 3546/12/2258 3547/13/2263
f 3547/13/2263 3546/12/2258 3548/14/2264
f 3549/7/2265 3550/12/2266 3551/11/2205
f 3549/7/2265 3551/11/2205 3552/6/2267
f 3553/6/2209 3554/11/2211 3555/7/2268
f 3554/11/2211 3556/12/2269 3555/7/2268
f 3557/11/2270 3558/11/2271 3559/6/2272
f 3560/14/2273 3561/11/2274 3562/13/2275
f 3561/11/2274 3560/14/2273 3563/12/2276
f 3564/11/2277 3565/6/2278 3566/11/2279
f 3567/14/2273 3568/11/2280 3569/12/2281
f 3568/11/2280 3567/14/2273 3570/13/2282
f 3571/11/2283 3572/13/2284 3573/13/2275
f 3573/13/2275 3574/11/2285 3571/11/2283
f 3571/11/2283 3575/13/2286 3572/13/2284
f 3575/13/2286 3571/11/2283 3576/11/2287
f 3575/13/2286 3576/11/2287 3577/13/2288
f 3578/13/2289 3579/11/2290 3580/13/2291
f 3581/11/2292 3582/13/2293 3583/11/2294
f 3583/11/2294 3582/13/2293 3584/13/2295
f 3585/13/2296 3583/11/2294 3584/13/2295
f 3583/11/2294 3585/13/2296 3586/11/2297
f 3585/13/2296 3587/13/2298 3586/11/2297
f 3588/13/2299 3589/13/2300 3590/11/2301
f 3591/6/2302 3592/6/2303 3593/11/2304
f 3591/6/2302 3593/11/2304 3594/11/2305
f 3595/6/2306 3596/6/2307 3597/11/2308
f 3597/11/2308 3596/6/2307 3598/11/2309
f 3599/6/2310 3600/6/2311 3601/11/2312
f 3599/6/2310 3601/11/2312 3602/11/2313
f 3603/6/2314 3604/11/2315 3605/6/2316
f 3604/11/2315 3606/11/2231 3605/6/2316
f 3607/6/2317 3608/6/2318 3609/11/2319
f 3609/11/2319 3608/6/2318 3610/11/2320
f 3611/13/2321 3612/11/2322 3613/11/2323
f 3611/13/2321 3613/11/2323 3614/13/2324
f 3615/6/2325 3616/11/2326 3617/6/2327
f 3615/6/2325 3618/11/2234 3616/11/2326
f 3619/11/2328 3620/13/2329 3621/11/2330
f 3621/11/2330 3620/13/2329 3622/13/2331
f 3623/11/2332 3624/11/2333 3625/13/2334
f 3625/13/2334 3624/11/2333 3626/13/2335
f 3626/13/2335 3627/11/2333 3628/13/2336
f 3629/11/2337 3630/13/2338 3631/13/2339
f 3630/13/2338 3629/11/2337 3632/11/2340
f 3631/13/2339 3633/13/2341 3634/11/2337
f 3635/7/2342 3636/12/2342 3637/11/2218
f 3635/7/2342 3637/11/2218 3638/6/2343
f 3639/6/2344 3640/11/2221 3641/7/2342
f 3640/11/2221 3642/12/2342 3641/7/2342
f 3643/13/2345 3644/11/2346 3645/13/2347
f 3646/14/2348 3647/11/2349 3648/12/2348
f 3647/11/2349 3646/14/2348 3649/13/2329
f 3650/14/2348 3651/11/2322 3652/13/2350
f 3651/11/2322 3650/14/2348 3653/12/2348
f 3654/6/2302 3655/11/2305 3656/6/2351
f 3655/11/2305 3657/11/2352 3656/6/2351
f 3658/6/2278 3659/11/2309 3660/6/2307
f 3658/6/2278 3661/11/2353 3659/11/2309
f 3662/13/2354 3663/11/2355 3664/11/2356
f 3662/13/2354 3664/11/2356 3665/13/2357
f 3666/11/2358 3667/13/2359 3668/13/2360
f 3666/11/2358 3669/11/2361 3667/13/2359
f 3670/7/2362 3671/11/2009 3672/12/2363
f 3671/11/2009 3670/7/2362 3673/6/2007
f 3674/7/2364 3675/12/2365 3676/11/2366
f 3674/7/2364 3676/11/2366 3677/6/2367
f 3678/6/1952 3679/7/2368 3680/11/1955
f 3680/11/1955 3679/7/2368 3681/12/2369
f 3682/6/2370 3683/11/2308 3684/7/2365
f 3683/11/2308 3685/12/2365 3684/7/2365
f 3686/14/2371 3687/11/2372 3688/13/2373
f 3687/11/2372 3686/14/2371 3689/12/2371
f 3690/14/2371 3691/11/2374 3692/12/2371
f 3691/11/2374 3690/14/2371 3693/13/2375
f 3694/11/2355 3695/13/2376 3696/13/2377
f 3696/13/2377 3697/11/2378 3694/11/2355
f 3698/11/2374 3699/13/2379 3700/11/2361
f 3701/13/2380 3700/11/2361 3699/13/2379
f 3702/13/2381 3703/11/2382 3704/13/2383
f 3705/13/2384 3706/13/2385 3707/11/2386
f 3708/7/2387 3709/12/2387 3710/11/2388
f 3708/7/2387 3710/11/2388 3711/6/2389
f 3712/6/2390 3713/11/2391 3714/7/2387
f 3713/11/2391 3715/12/2387 3714/7/2387
f 3716/11/2262 3717/13/2392 3718/11/2393
f 3717/13/2392 3716/11/2262 3719/13/2263
f 3718/11/2394 3720/13/2395 3721/11/2396
f 3721/11/2396 3720/13/2395 3722/13/2397
f 3722/13/2397 3723/13/2398 3721/11/2396
f 3724/11/2261 3725/13/2399 3726/13/2259
f 3725/13/2399 3724/11/2261 3727/11/2400
f 3728/13/2399 3727/11/2401 3729/11/2346
f 3729/11/2346 3730/13/2345 3728/13/2399
f 3731/11/2402 3732/6/2403 3733/11/2404
f 3732/6/2403 3731/11/2402 3734/6/2405
f 3735/6/2406 3734/6/2405 3731/11/2402
f 3735/6/2406 3731/11/2402 3736/11/2057
f 3737/13/2407 3738/11/2408 3739/13/2409
f 3740/13/2410 3741/13/2411 3742/11/2412
f 3743/6/2413 3744/11/2414 3745/11/2415
f 3744/11/2414 3743/6/2413 3746/6/2416
f 3744/11/2414 3746/6/2416 3747/6/2417
f 3748/11/2418 3744/11/2414 3747/6/2417
f 3749/14/2419 3750/11/2420 3751/12/2419
f 3750/11/2420 3749/14/2419 3752/13/2421
f 3753/14/2419 3754/11/2422 3755/13/2423
f 3754/11/2422 3753/14/2419 3756/12/2419
f 3757/11/2424 3758/6/2425 3759/11/2426
f 3758/6/2425 3757/11/2424 3760/6/2427
f 3760/6/2428 3761/11/2429 3762/6/2430
f 3761/11/2429 3763/11/2431 3762/6/2430
f 3764/6/2432 3765/11/2433 3766/11/2434
f 3765/11/2433 3764/6/2432 3767/6/2435
f 3768/6/2436 3769/11/2437 3767/6/2438
f 3768/6/2436 3770/11/2439 3769/11/2437
f 3771/6/2403 3772/7/2440 3773/11/2404
f 3773/11/2404 3772/7/2440 3774/12/2440
f 3775/7/2440 3776/11/2415 3777/12/2440
f 3776/11/2415 3775/7/2440 3778/6/2413
f 3779/11/2441 3780/13/2442 3781/13/2443
f 3781/13/2443 3782/11/2444 3779/11/2441
f 3779/11/2441 3783/13/2381 3780/13/2442
f 3783/13/2381 3779/11/2441 3784/11/2445
f 3785/11/2420 3786/13/2446 3787/11/2447
f 3787/11/2447 3786/13/2446 3788/13/2448
f 3789/13/2384 3787/11/2447 3788/13/2448
f 3787/11/2447 3789/13/2384 3790/11/2386
f 3791/14/2449 3792/11/2450 3793/13/2451
f 3792/11/2450 3791/14/2449 3794/12/2449
f 3795/14/2449 3796/11/2452 3797/12/2453
f 3796/11/2452 3795/14/2449 3798/13/2454
f 3799/13/2455 3800/11/2450 3801/11/2456
f 3799/13/2455 3801/11/2456 3802/13/2457
f 3801/11/2456 3803/13/2458 3802/13/2457
f 3803/13/2458 3801/11/2456 3804/11/2459
f 3805/11/2452 3806/13/2460 3807/11/2461
f 3807/11/2461 3806/13/2460 3808/13/2462
f 3809/13/2463 3807/11/2461 3808/13/2462
f 3807/11/2461 3809/13/2463 3810/11/2464
f 3811/6/2425 3812/7/2465 3813/11/2426
f 3813/11/2426 3812/7/2465 3814/12/2466
f 3815/7/2465 3816/11/2434 3817/12/2466
f 3816/11/2434 3815/7/2465 3818/6/2432
